time_s,perfusion_multiplier
0.000,1.101897
0.993,0.990619
1.997,0.970231
2.990,0.963914
3.994,0.907586
4.986,1.006703
5.991,1.010078
6.983,1.050849
7.986,0.939441
8.991,1.036026
9.978,1.113706
10.987,1.224734
11.981,1.019419
12.985,0.850100
13.978,0.898154
14.981,0.993466
15.974,1.023151
16.978,0.995564
17.982,1.156365
18.975,0.915225
19.977,0.995060
20.971,0.987178
21.974,0.996241
22.969,1.022896
23.966,1.158958
24.975,1.195195
25.968,1.098011
26.972,1.039068
27.965,1.161116
28.969,0.834535
29.962,0.943100
30.965,0.924437
31.958,0.987385
32.962,0.928129
33.966,0.839827
34.953,0.868721
35.963,0.872612
36.956,0.830571
37.954,0.863759
38.965,0.939343
39.950,1.023885
40.950,0.951763
41.953,1.024555
42.956,0.998943
43.951,0.870983
44.953,0.957210
45.945,0.990602
46.951,0.866016
47.943,0.969739
48.945,1.017518
49.951,0.824659
50.943,0.805268
51.946,0.916271
52.940,0.838838
53.943,0.840820
54.936,0.977399
55.940,1.041292
56.934,1.024955
57.936,0.997042
58.941,1.175521
59.933,1.080459
60.937,1.083932
61.931,1.009241
62.934,1.016649
63.927,1.040982
64.930,0.918442
65.924,1.090706
66.927,1.043659
67.931,1.117355
68.923,1.227068
69.927,1.242694
70.922,1.339162
71.924,1.335564
72.918,1.519679
73.922,1.325100
74.924,1.374426
75.918,1.278929
76.921,1.160997
77.915,1.141562
78.919,1.122710
79.912,1.034024
80.915,1.039003
81.909,1.072688
82.912,1.013287
83.910,1.118213
84.909,1.085365
85.912,1.076459
86.905,1.056444
87.910,1.017750
88.902,1.230360
89.905,1.094000
90.899,1.173058
91.903,1.003433
92.906,0.903671
93.899,0.927976
94.897,0.975129
95.897,0.994373
96.900,0.890941
97.892,0.852503
98.896,0.888493
99.900,0.879661
100.894,0.816427
101.896,0.871716
102.884,0.800491
103.893,0.927333
104.887,0.943645
105.891,0.889407
106.877,0.829645
107.887,0.959324
108.890,0.883710
109.883,0.937125
110.886,0.883439
111.880,0.946434
112.884,0.960178
113.876,0.826350
114.880,0.870082
115.874,0.979710
116.878,0.949667
117.881,0.946857
118.873,0.979837
119.879,0.957919
120.871,0.956817
121.874,0.950983
122.868,1.109543
123.872,1.000150
124.875,0.954133
125.868,1.038882
126.872,1.085883
127.865,0.944359
128.868,0.986150
129.856,0.939761
130.875,0.962484
131.858,0.901881
132.862,0.969673
133.865,0.853845
134.859,0.910596
135.863,0.967126
136.855,0.947213
137.859,0.963259
138.853,1.048903
139.855,0.917660
140.850,0.865389
141.853,0.889559
142.856,0.894157
143.849,0.981381
144.852,0.845822
145.847,0.907076
146.844,0.935302
147.843,1.066354
148.847,1.017549
149.851,1.087883
150.843,0.982221
151.846,1.063232
152.840,1.114328
153.844,1.035073
154.837,1.005282
155.840,0.964822
156.833,0.921362
157.837,0.986958
158.840,0.844423
159.833,1.006910
160.837,0.952662
161.831,1.034958
162.833,1.030633
163.828,0.838700
164.831,0.988747
165.818,0.831035
166.828,0.961719
167.830,0.898182
168.823,0.930825
169.829,0.998014
170.821,1.001631
171.824,1.068786
172.818,1.159819
173.821,1.158526
174.825,1.189447
175.818,1.150929
176.815,1.049474
177.809,1.126217
178.818,1.008494
179.812,0.901591
180.815,1.047314
181.809,0.886643
182.811,0.876857
183.815,0.930751
184.809,0.867332
185.811,0.989118
186.805,1.016427
187.809,0.963374
188.802,0.957859
189.806,0.976762
190.799,1.014785
191.802,0.925245
192.806,0.978894
193.800,0.995483
194.803,0.991372
195.795,0.941922
196.800,0.912400
197.793,0.919698
198.797,0.909296
199.801,0.920509
200.793,0.952707
201.797,0.894257
202.789,0.893102
203.794,1.040606
204.786,0.959499
205.790,0.989903
206.778,0.976002
207.788,1.088849
208.790,1.101156
209.784,0.975204
210.786,0.993179
211.780,0.986963
212.783,0.860437
213.777,0.823562
214.781,0.903636
215.774,0.946346
216.778,0.985209
217.775,0.913357
218.774,0.913710
219.777,0.960401
220.772,1.031009
221.768,0.982009
222.779,0.930794
223.771,1.046394
224.763,0.997473
225.768,0.920937
226.771,1.032636
227.764,0.905126
228.768,1.022417
229.755,1.155919
230.765,1.061336
231.758,0.980748
232.762,1.056156
233.766,1.126535
234.758,1.054107
235.762,0.957813
236.755,1.057049
237.759,1.117281
238.751,1.008702
239.756,0.932543
240.749,1.080645
241.751,1.000794
242.756,0.920370
243.750,0.992513
244.752,1.076007
245.746,1.052724
246.749,0.980685
247.742,1.169821
248.740,0.952907
249.739,0.944052
250.743,1.047005
251.747,0.989663
252.740,0.893635
253.743,0.841395
254.736,0.875424
255.739,1.018834
256.732,0.827205
257.738,0.991745
258.739,0.955921
259.733,0.968678
260.738,0.926826
261.731,1.049116
262.733,1.080213
263.727,1.076315
264.725,1.068314
265.724,0.991931
266.727,0.931944
267.731,1.058978
268.723,1.050294
269.728,1.009119
270.720,1.062195
271.724,1.059478
272.718,1.081603
273.721,1.078472
274.708,1.043132
275.718,0.879105
276.721,0.894628
277.714,0.952845
278.718,0.920339
279.711,0.872406
280.715,0.878876
281.709,0.902412
282.712,0.850821
283.715,1.079221
284.709,0.909211
285.712,0.983477
286.706,0.907843
287.709,0.831724
288.702,0.867279
289.706,0.933470
290.699,0.915707
291.697,1.006833
292.700,0.927807
293.699,0.976955
294.702,0.946678
295.696,1.018393
296.699,0.993996
297.691,0.950259
298.696,0.995663
299.689,1.122861
300.694,0.987223
301.696,1.065285
302.690,0.967450
303.692,0.943893
304.686,0.955787
305.690,1.077265
306.683,1.038057
307.686,0.995602
308.690,0.979162
309.683,1.111365
310.687,1.026028
311.680,1.028611
312.682,1.043432
313.677,1.042930
314.691,1.057374
315.673,1.094536
316.677,1.095655
317.681,1.041653
318.673,1.054174
319.677,1.002691
320.670,0.899638
321.674,0.991723
322.667,0.919788
323.671,0.998889
324.664,0.967447
325.668,1.023538
326.670,1.037265
327.664,1.080181
328.668,0.935274
329.662,0.994333
330.665,0.963467
331.658,0.964694
332.661,0.862405
333.665,0.825164
334.659,0.752358
335.662,0.780232
336.655,0.970937
337.653,0.876568
338.651,1.033804
339.656,1.024857
340.649,1.052415
341.646,1.027280
342.656,1.273024
343.649,1.123736
344.652,0.880682
345.646,0.997885
346.649,1.040757
347.642,0.966415
348.647,0.926549
349.639,1.018725
350.642,0.974706
351.647,1.083463
352.639,1.055937
353.643,0.945853
354.637,0.936140
355.639,1.152965
356.632,1.195619
357.637,1.283443
358.640,1.403334
359.633,1.517808
360.637,1.497963
361.630,1.559879
362.633,1.462061
363.627,1.382424
364.630,1.292220
365.618,1.360711
366.627,1.158466
367.630,1.165805
368.618,1.353160
369.627,1.099771
370.621,1.172801
371.618,1.138241
372.618,1.014300
373.621,1.096840
374.614,1.146111
375.617,1.047819
376.621,1.016612
377.615,1.102775
378.618,0.884924
379.610,0.952626
380.614,1.018121
381.602,1.038851
382.611,0.912289
383.615,1.068869
384.608,1.014063
385.611,1.075295
386.605,0.993200
387.609,1.144199
388.595,1.237736
389.606,1.214417
390.598,1.044142
391.602,1.019205
392.600,0.978007
393.599,0.924365
394.602,0.893226
395.595,0.968719
396.593,0.907053
397.591,0.942356
398.596,0.950962
399.588,0.959718
400.592,0.994684
401.596,0.939800
402.589,0.968424
403.593,0.884037
404.586,0.922390
405.589,0.989066
406.594,0.896808
407.586,0.865153
408.590,1.022475
409.583,0.964641
410.580,0.957156
411.580,1.025523
412.583,0.898423
413.576,1.056594
414.580,1.121152
415.574,1.027205
416.578,1.095195
417.580,1.132582
418.574,1.148987
419.577,0.961602
420.569,0.977334
421.574,0.962199
422.567,1.129012
423.570,1.058653
424.564,0.982775
425.568,0.946572
426.571,1.044055
427.564,1.107720
428.562,1.058617
429.561,1.081337
430.564,1.024274
431.557,0.980986
432.561,0.984409
433.555,1.072381
434.557,0.989242
435.561,1.137789
436.549,1.025448
437.558,1.006791
438.551,1.078821
439.556,1.118387
440.542,1.135879
441.552,1.065481
442.556,1.083090
443.549,1.048119
444.552,0.978528
445.545,0.941006
446.549,0.947187
447.542,0.988485
448.546,1.007688
449.538,0.994318
450.542,0.967031
451.546,1.036834
452.539,1.039206
453.542,1.280598
454.536,1.184479
455.538,1.122605
456.532,0.875703
457.537,0.954119
458.529,0.890513
459.532,0.919252
460.537,0.908983
461.529,0.933606
462.533,0.927447
463.527,0.902400
464.530,0.974096
465.524,1.001225
466.527,0.953903
467.530,1.121102
468.524,1.149645
469.527,1.128812
470.522,1.029644
471.524,1.029777
472.517,1.061848
473.514,0.862501
474.508,1.034546
475.517,0.895349
476.521,0.895980
477.514,0.913360
478.517,0.760552
479.511,0.844619
480.515,0.917442
481.502,1.007311
482.511,1.007219
483.504,1.035816
484.508,0.938725
485.512,0.922796
486.505,0.962539
487.508,0.856811
488.495,0.797328
489.505,0.797695
490.498,0.836905
491.502,1.126084
492.506,0.925750
493.493,1.033400
494.503,1.112816
495.495,1.112995
496.498,1.095366
497.492,1.074001
498.507,1.040179
499.488,0.938742
500.492,1.075416
501.496,1.129453
502.488,1.171321
503.492,1.054224
504.480,0.972305
505.489,0.951438
506.487,0.961698
507.487,1.026495
508.473,0.961677
509.483,0.873590
510.487,0.811331
511.479,0.836634
512.483,0.844025
513.477,0.816778
514.474,0.792640
515.473,0.931502
516.477,0.872399
517.480,1.060968
518.473,1.013466
519.477,0.997844
520.470,1.043195
521.474,0.990890
522.467,0.845317
523.470,0.935817
524.464,0.891114
525.468,0.838748
526.471,0.893022
527.464,0.869824
528.467,0.957474
529.461,0.910188
530.464,0.847136
531.457,1.079661
532.460,0.921540
533.455,0.925553
534.458,1.027947
535.461,0.927840
536.455,1.040862
537.457,0.982607
538.452,1.099941
539.455,1.138028
540.448,1.104932
541.451,1.012134
542.456,1.184472
543.449,1.106196
544.452,1.099574
545.445,1.165816
546.449,1.184696
547.443,1.098957
548.445,1.162806
549.438,1.132301
550.443,1.015169
551.445,1.028688
552.438,1.115339
553.443,1.074185
554.436,0.941656
555.438,1.062300
556.432,0.998766
557.435,0.994342
558.429,1.014149
559.433,1.005992
560.436,1.173197
561.430,1.065641
562.433,1.049389
563.426,1.083943
564.424,1.027052
565.423,0.969782
566.426,0.993003
567.430,1.081519
568.423,0.901499
569.426,1.014596
570.414,1.019478
571.424,1.082666
572.416,1.130549
573.420,1.079983
574.414,1.052811
575.417,0.968469
576.420,0.942224
577.414,0.766303
578.417,0.921167
579.410,0.990462
580.414,0.990659
581.408,1.049869
582.412,1.120821
583.404,0.908851
584.408,1.087474
585.412,1.098781
586.405,1.056864
587.408,0.974763
588.401,0.922445
589.405,1.050683
590.408,1.048527
591.401,1.001325
592.405,1.165944
593.398,1.189367
594.401,1.006391
595.389,0.996050
596.398,1.111657
597.392,1.008523
598.395,1.053879
599.389,1.085112
600.392,1.141442
601.395,1.015198
602.389,1.046733
603.392,1.205756
604.386,1.087476
605.388,1.054419
606.382,1.047833
607.385,0.963164
608.379,1.009762
609.382,0.955941
610.386,1.073655
611.379,0.972439
612.382,0.888521
613.375,0.905373
614.379,1.010985
615.373,1.008445
616.376,0.942178
617.379,1.049777
618.367,0.986277
619.377,0.949947
620.370,0.999126
621.373,1.014598
622.367,1.021940
623.364,1.062735
624.363,0.944128
625.361,1.000798
626.371,0.926099
627.363,1.027883
628.367,0.988997
629.361,1.044404
630.365,1.015987
631.357,1.135130
632.361,1.000201
633.354,0.921365
634.357,1.101347
635.361,0.851011
636.354,1.057763
637.358,1.095537
638.352,1.021186
639.354,0.911782
640.347,1.039185
641.352,1.019230
642.345,0.884691
643.348,1.124329
644.351,0.974181
645.344,1.061426
646.348,1.143852
647.341,1.105225
648.344,1.161775
649.338,1.192597
650.343,1.254355
651.346,1.142341
652.339,1.102498
653.342,1.108979
654.335,0.978847
655.339,1.060363
656.332,1.033496
657.336,0.976223
658.329,1.041895
659.332,0.967023
660.336,0.898772
661.330,1.034977
662.333,1.004875
663.325,1.020970
664.330,0.941101
665.323,0.971249
666.326,0.948583
667.319,0.967204
668.324,0.926566
669.326,0.955608
670.320,0.985122
671.324,0.846158
672.317,0.936249
673.320,0.972878
674.314,1.087354
675.317,0.890218
676.321,0.913865
677.314,0.969751
678.311,0.941529
679.311,0.961761
680.313,1.042034
681.307,0.885163
682.321,1.055200
683.304,0.867967
684.307,0.997410
685.305,1.077764
686.304,1.004971
687.308,1.039262
688.302,1.056807
689.305,1.134538
690.298,1.156315
691.302,1.052564
692.294,0.974971
693.298,1.004078
694.302,0.893599
695.295,1.021497
696.293,0.982997
697.292,1.021873
698.295,1.018896
699.288,0.917106
700.292,0.957063
701.289,1.016323
702.289,0.840197
703.291,0.837862
704.285,0.726008
705.290,0.851035
706.282,0.987921
707.285,0.823285
708.278,0.979993
709.282,1.010814
710.285,1.014936
711.278,0.946077
712.282,1.014213
713.275,1.032637
714.279,1.054489
715.267,0.988740
716.276,1.067875
717.270,1.032477
718.268,0.935559
719.276,0.971859
720.270,1.019588
721.273,1.000990
722.266,1.141988
723.270,1.057487
724.263,0.968023
725.267,1.065221
726.270,1.061583
727.263,0.970102
728.267,0.924752
729.261,1.052257
730.263,1.174164
731.256,1.097874
732.261,1.070231
733.253,0.987701
734.251,1.004331
735.260,0.820519
736.254,0.762945
737.252,0.948711
738.251,0.988554
739.254,1.039698
740.248,1.039611
741.251,0.976761
742.244,1.052970
743.248,1.065495
744.251,0.996429
745.244,1.095418
746.248,1.140033
747.241,1.066920
748.245,1.015569
749.238,1.100642
750.242,1.109479
751.245,1.128031
752.239,1.076977
753.242,0.980617
754.235,1.000567
755.239,1.177207
756.233,1.167072
757.236,1.080566
758.229,1.018986
759.233,1.221842
760.230,1.090794
761.230,1.297074
762.232,1.246021
763.226,1.352153
764.229,1.342602
765.222,1.256039
766.226,1.108728
767.220,1.280012
768.223,1.156103
769.227,1.098861
770.221,0.989996
771.223,1.032596
772.215,0.935024
773.219,0.872255
774.224,0.887727
775.217,0.949396
776.220,0.767830
777.213,0.816220
778.217,1.015213
779.210,1.069291
780.213,0.942707
781.207,1.083209
782.210,0.848533
783.204,0.921441
784.207,0.866600
785.211,0.992753
786.203,0.964917
787.208,1.087996
788.201,1.045858
789.204,1.172514
790.198,1.068789
791.201,1.104905
792.194,1.191782
793.198,1.173900
794.202,0.985813
795.194,1.146565
796.198,1.194025
797.191,1.135214
798.195,1.160175
799.189,1.140492
800.192,1.099994
801.195,1.104353
802.189,1.165234
803.191,1.120019
804.185,1.143578
805.189,1.086190
806.176,1.172392
807.186,1.024356
808.178,1.025278
809.182,0.971148
810.186,0.920719
811.178,0.969708
812.182,0.928273
813.175,1.057637
814.179,1.079496
815.172,1.098231
816.176,1.056540
817.170,1.155097
818.172,1.354796
819.176,1.406203
820.169,1.361996
821.172,1.326099
822.167,1.283941
823.169,1.242121
824.164,1.293457
825.166,1.279536
826.170,1.241169
827.163,1.240909
828.166,1.473766
829.160,1.259593
830.163,1.138879
831.157,1.125238
832.155,1.019199
833.147,0.946045
834.158,0.880512
835.162,0.944845
836.147,0.951954
837.158,0.922825
838.150,0.897951
839.154,0.861904
840.147,0.845179
841.151,0.910107
842.144,0.859158
843.148,0.972361
844.151,0.909034
845.144,0.907807
846.147,0.890492
847.141,0.889824
848.139,0.817472
849.138,0.943271
850.141,0.766784
851.145,0.891357
852.139,0.876327
853.142,0.812150
854.135,0.951627
855.139,0.802364
856.131,0.866620
857.135,1.008327
858.129,0.833960
859.132,0.867256
860.135,0.835877
861.123,0.729862
862.133,0.825043
863.125,0.986086
864.124,0.833394
865.117,0.913957
866.137,1.050555
867.120,0.997207
868.122,0.994255
869.126,0.960659
870.119,0.992693
871.123,0.933074
872.111,0.806383
873.120,0.866451
874.113,0.985802
875.117,0.909146
876.110,1.053323
877.113,0.839385
878.117,0.878969
879.109,0.953266
880.114,0.982312
881.106,0.938636
882.110,0.923285
883.102,1.062802
884.106,0.939226
885.110,0.913791
886.104,0.986847
887.106,0.943074
888.100,0.853940
889.104,0.929180
890.098,0.880552
891.102,0.940475
892.094,0.976031
893.098,0.862538
894.100,1.055044
895.094,1.028864
896.098,1.052242
897.091,1.132512
898.094,1.076075
899.088,0.999789
900.091,1.010237
901.085,0.890338
902.088,0.995948
903.091,0.914450
904.085,0.898473
905.083,0.912277
906.082,0.958910
907.079,1.100005
908.078,1.094466
909.082,0.944921
910.085,1.035490
911.078,1.002214
912.082,0.937552
913.076,0.893507
914.079,0.940569
915.072,1.025351
916.077,0.942528
917.069,0.905779
918.072,1.086994
919.075,0.988070
920.070,0.976163
921.073,0.976626
922.066,0.966638
923.064,0.869814
924.063,0.896922
925.067,1.017067
926.054,0.991953
927.063,0.958832
928.066,0.938277
929.059,0.956375
930.063,0.946745
931.056,0.876667
932.060,1.017406
933.053,0.948095
934.057,1.009615
935.060,0.903805
936.053,1.101400
937.057,0.966371
938.049,0.950516
939.054,1.004363
940.042,1.130801
941.050,1.147986
942.044,1.132793
943.047,1.106539
944.051,0.862455
945.045,0.931145
946.048,1.069645
947.035,0.996219
948.038,1.062329
949.037,1.070578
950.041,1.028336
951.035,0.992022
952.038,0.843850
953.035,0.971970
954.035,0.880375
955.038,0.861017
956.031,0.852639
957.035,1.000153
958.039,0.901785
959.031,0.932758
960.036,0.890794
961.028,0.915191
962.031,0.917889
963.026,1.007756
964.029,0.912317
965.022,0.990739
966.025,0.991284
967.013,1.037723
968.023,0.901415
969.026,0.840345
970.019,0.988745
971.022,1.086459
972.015,1.004273
973.020,1.098868
974.012,1.094243
975.016,1.157283
976.003,0.992974
977.013,0.917595
978.016,0.981175
979.010,0.922941
980.014,0.888910
981.006,0.956487
982.010,1.050961
983.003,1.099232
984.006,1.034000
985.005,1.045946
986.003,1.139388
987.007,1.258757
988.001,0.911503
989.004,0.993780
989.997,1.036834
991.000,0.931065
991.994,0.927802
992.997,1.034096
994.001,1.067787
994.995,1.036007
995.998,0.951762
996.990,0.990942
997.994,1.124612
998.988,1.113648
999.991,0.973345
1000.984,0.901080
1001.988,0.986714
1002.992,0.995152
1003.985,0.933234
1004.988,0.919350
1005.981,0.966915
1006.985,1.027530
1007.979,0.941601
1008.981,1.133054
1009.984,0.977323
1010.978,0.878308
1011.982,0.852680
1012.975,1.066781
1013.978,0.940225
1014.972,0.981579
1015.975,1.004742
1016.968,0.959406
1017.973,0.975161
1018.977,0.903866
1019.969,0.931287
1020.972,0.834160
1021.965,0.859674
1022.964,0.851977
1023.963,0.958785
1024.966,0.946823
1025.958,0.932124
1026.964,0.871610
1027.966,0.850355
1028.959,0.920676
1029.964,0.929119
1030.957,0.980305
1031.959,0.975812
1032.953,0.938470
1033.957,1.001174
1034.960,0.715158
1035.953,0.978606
1036.958,0.955079
1037.950,0.937793
1038.954,0.987512
1039.947,0.962090
1040.950,0.918136
1041.944,1.042067
1042.947,1.065792
1043.950,0.943927
1044.939,0.967834
1045.948,0.875242
1046.940,0.915405
1047.944,0.848429
1048.938,0.869163
1049.952,0.738473
1050.935,0.940561
1051.938,0.887085
1052.941,1.013343
1053.935,0.748949
1054.932,0.907734
1055.932,0.957507
1056.936,0.948840
1057.928,0.955226
1058.931,0.908988
1059.935,1.053802
1060.927,0.871448
1061.933,0.955255
1062.925,0.941833
1063.928,1.026809
1064.922,0.894220
1065.925,0.852234
1066.918,0.873317
1067.922,1.060505
1068.926,0.916486
1069.919,0.930497
1070.922,1.084670
1071.915,1.068380
1072.918,1.066748
1073.913,1.031443
1074.917,1.088967
1075.909,0.938046
1076.914,0.994915
1077.916,1.063982
1078.909,1.071155
1079.907,0.922368
1080.906,0.927957
1081.909,0.888741
1082.903,0.901339
1083.907,1.046400
1084.899,1.055400
1085.904,0.957090
1086.906,1.029104
1087.900,1.049879
1088.904,1.005761
1089.897,1.022513
1090.900,0.925252
1091.893,0.890945
1092.897,0.844961
1093.901,0.954991
1094.894,0.835246
1095.898,0.909742
1096.890,0.913286
1097.894,0.987843
1098.887,0.936769
1099.890,0.975399
1100.885,0.910312
1101.887,0.926641
1102.886,0.883131
1103.884,0.836116
1104.889,0.936374
1105.881,0.803531
1106.885,0.854441
1107.877,0.969439
1108.881,0.894955
1109.875,0.914973
1110.878,0.977262
1111.882,0.971885
1112.876,0.998187
1113.878,1.006256
1114.872,0.958153
1115.876,1.029106
1116.868,1.005180
1117.873,1.048436
1118.876,0.946330
1119.869,1.106523
1120.867,0.930181
1121.865,0.958925
1122.869,0.955852
1123.863,0.947845
1124.865,0.919254
1125.859,0.822422
1126.863,1.080726
1127.866,0.951799
1128.859,0.961912
1129.862,0.929534
1130.856,0.847116
1131.859,1.007128
1132.853,0.953439
1133.855,0.938859
1134.849,0.982680
1135.848,0.960568
1136.857,1.044377
1137.850,1.162876
1138.854,0.885887
1139.841,1.003289
1140.850,0.915011
1141.855,0.856695
1142.847,0.990502
1143.851,1.080300
1144.843,1.114654
1145.847,0.944168
1146.841,0.961955
1147.844,0.957269
1148.838,0.903766
1149.841,0.920008
1150.834,0.860334
1151.831,0.909074
1152.835,0.890420
1153.834,1.020703
1154.838,0.953349
1155.831,0.981735
1156.835,1.026522
1157.828,0.965714
1158.831,0.917898
1159.819,0.895022
1160.828,0.754274
1161.831,0.851888
1162.819,0.760092
1163.828,0.843463
1164.821,0.774378
1165.826,0.753962
1166.819,0.801769
1167.823,0.811592
1168.826,0.831836
1169.818,0.927622
1170.822,0.784293
1171.810,0.879259
1172.819,0.933362
1173.812,0.892717
1174.816,0.898424
1175.809,0.917276
1176.812,1.075004
1177.815,1.001508
1178.809,1.031139
1179.813,1.108414
1180.806,1.063202
1181.803,0.958981
1182.802,0.918949
1183.806,0.960812
1184.800,0.971626
1185.804,0.935102
1186.806,0.886277
1187.800,0.857343
1188.798,0.870971
1189.797,0.949404
1190.800,0.878537
1191.794,0.851945
1192.790,1.043956
1193.795,1.022158
1194.793,0.854674
1195.792,0.969142
1196.791,1.068980
1197.793,0.961162
1198.786,0.922639
1199.791,1.011618
1200.784,0.976011
1201.786,1.070471
1202.791,0.867779
1203.784,0.943282
1204.787,1.004332
1205.780,0.864778
1206.785,0.971813
1207.777,0.935310
1208.781,1.052710
1209.769,1.114543
1210.778,1.141511
1211.781,1.125244
1212.775,1.069859
1213.778,1.048339
1214.772,0.972183
1215.775,1.125983
1216.769,1.011756
1217.771,0.877298
1218.775,1.019204
1219.769,0.900653
1220.772,0.968896
1221.765,0.912968
1222.763,0.945405
1223.763,1.014705
1224.765,1.029746
1225.759,1.021417
1226.763,0.959557
1227.766,0.996022
1228.759,0.996749
1229.763,1.094046
1230.756,0.925185
1231.760,1.046094
1232.753,0.988225
1233.767,1.037782
1234.749,0.979499
1235.754,1.036069
1236.756,1.026052
1237.750,1.102150
1238.754,0.964180
1239.746,0.976981
1240.751,1.041707
1241.743,1.006851
1242.747,0.938639
1243.751,0.894246
1244.743,1.030442
1245.747,0.827962
1246.740,0.962212
1247.743,1.115589
1248.737,1.047339
1249.740,1.293619
1250.734,1.337004
1251.737,1.123315
1252.740,1.102526
1253.735,1.085802
1254.737,1.102477
1255.731,1.116021
1256.734,0.921592
1257.728,1.055965
1258.731,0.997143
1259.724,0.966546
1260.722,1.139589
1261.732,1.145378
1262.724,1.162795
1263.722,0.965164
1264.722,1.083798
1265.724,1.114807
1266.713,0.961024
1267.723,1.020561
1268.725,1.000298
1269.719,1.134860
1270.723,1.054799
1271.716,0.890167
1272.719,0.818883
1273.712,0.769347
1274.716,0.744029
1275.709,0.767231
1276.712,0.757961
1277.716,0.797462
1278.708,0.871146
1279.712,0.833168
1280.705,1.005742
1281.709,0.896370
1282.702,0.909626
1283.706,0.882541
1284.699,0.791354
1285.703,0.905484
1286.706,0.721849
1287.700,1.023795
1288.698,0.929234
1289.696,0.944232
1290.700,0.940138
1291.694,1.082408
1292.695,1.085203
1293.690,0.964258
1294.694,0.958454
1295.697,0.975843
1296.691,0.880883
1297.693,1.039045
1298.686,0.919348
1299.691,1.073716
1300.677,0.891855
1301.687,0.961153
1302.691,0.821243
1303.684,0.878620
1304.687,0.962282
1305.680,1.096171
1306.684,1.088448
1307.677,1.132738
1308.681,1.119803
1309.674,0.928043
1310.678,1.195311
1311.682,0.919533
1312.675,0.908303
1313.678,0.968965
1314.672,0.798222
1315.675,0.920952
1316.668,0.828770
1317.672,0.905924
1318.666,1.046286
1319.669,0.902581
1320.672,0.942275
1321.664,0.895729
1322.669,0.913379
1323.662,0.959051
1324.666,0.826630
1325.669,0.822876
1326.662,0.909041
1327.665,0.985784
1328.658,0.954808
1329.663,0.979088
1330.655,0.876582
1331.659,0.979013
1332.653,0.946459
1333.656,0.917256
1334.650,0.988445
1335.653,1.139702
1336.656,0.998396
1337.650,0.966245
1338.652,0.948201
1339.646,0.895913
1340.650,0.937930
1341.642,0.871787
1342.646,0.962827
1343.640,1.129307
1344.643,0.975161
1345.647,0.918042
1346.641,1.007497
1347.643,0.985563
1348.637,0.988877
1349.635,0.998639
1350.633,1.024253
1351.637,1.043431
1352.641,0.980941
1353.628,1.017334
1354.638,0.846054
1355.631,0.865501
1356.634,0.974676
1357.628,0.906895
1358.632,1.014159
1359.619,1.069427
1360.628,0.846858
1361.630,0.935109
1362.625,0.921336
1363.629,0.833170
1364.621,0.868881
1365.625,0.923637
1366.618,0.843743
1367.622,0.819717
1368.614,0.998990
1369.618,0.865926
1370.622,1.008940
1371.615,1.049614
1372.619,0.856848
1373.612,0.988373
1374.614,1.021746
1375.609,1.025541
1376.612,1.009800
1377.615,0.989547
1378.608,0.956000
1379.612,0.961490
1380.605,1.014788
1381.610,1.073557
1382.602,1.155790
1383.606,1.081123
1384.593,1.053348
1385.603,1.162162
1386.599,1.121853
1387.600,0.994435
1388.602,1.047657
1389.597,1.124520
1390.601,0.942027
1391.593,0.933622
1392.597,0.970702
1393.590,1.045424
1394.593,0.973913
1395.597,0.854453
1396.590,0.886591
1397.594,0.909738
1398.586,0.955838
1399.590,0.941162
1400.583,0.914640
1401.587,0.825807
1402.590,0.917250
1403.584,0.683201
1404.587,0.720518
1405.581,0.852444
1406.584,0.872730
1407.577,1.025787
1408.580,0.880131
1409.573,0.941710
1410.578,1.162759
1411.582,0.930548
1412.574,0.834895
1413.577,0.889558
1414.571,0.980871
1415.574,0.987623
1416.562,1.037737
1417.583,1.000568
1418.565,0.974303
1419.563,0.898282
1420.571,0.847412
1421.565,0.812892
1422.569,0.958067
1423.562,0.928769
1424.565,1.000191
1425.559,1.044842
1426.561,1.043782
1427.566,1.240402
1428.558,1.005773
1429.563,1.014414
1430.555,1.076720
1431.559,0.860150
1432.553,1.034433
1433.556,1.011489
1434.549,0.994631
1435.552,1.083230
1436.557,1.221447
1437.549,1.179217
1438.553,1.217284
1439.545,1.193005
1440.549,1.069773
1441.543,0.973454
1442.546,0.924230
1443.539,0.984601
1444.542,0.941624
1445.547,0.968063
1446.541,0.995907
1447.542,1.082244
1448.536,1.015870
1449.540,1.096033
1450.533,1.045596
1451.537,1.045011
1452.534,0.965369
1453.534,1.127754
1454.538,0.926689
1455.530,0.897658
1456.534,0.984041
1457.527,0.992811
1458.531,1.023717
1459.523,1.101064
1460.527,1.013323
1461.531,1.185232
1462.524,0.974093
1463.528,1.093218
1464.521,1.050131
1465.524,0.994484
1466.518,1.063174
1467.522,1.138290
1468.514,1.140926
1469.518,1.198687
1470.522,1.152358
1471.515,1.407097
1472.519,1.244825
1473.511,1.200889
1474.515,1.061637
1475.508,1.036712
1476.511,1.040908
1477.515,1.030519
1478.502,0.936469
1479.512,1.060951
1480.506,1.252745
1481.509,1.196587
1482.496,1.036604
1483.505,1.042661
1484.500,1.047666
1485.496,0.987390
1486.506,0.962183
1487.499,1.021918
1488.503,1.138055
1489.496,0.883510
1490.499,1.002592
1491.492,1.189631
1492.496,0.994278
1493.490,0.973110
1494.494,0.942489
1495.496,0.910252
1496.490,1.068726
1497.492,0.928624
1498.486,0.961053
1499.490,0.845626
1500.482,1.025087
1501.488,0.920858
1502.480,0.931394
1503.482,0.915853
1504.488,0.847530
1505.481,0.844917
1506.483,0.732715
1507.477,0.765690
1508.481,0.893590
1509.483,0.770168
1510.477,0.762655
1511.481,0.747841
1512.475,0.698448
1513.477,0.820386
1514.471,0.860769
1515.475,0.761363
1516.467,0.884907
1517.476,0.934533
1518.465,0.955214
1519.469,1.048325
1520.465,0.961545
1521.465,0.978003
1522.467,0.944053
1523.456,0.936608
1524.459,1.158668
1525.458,1.031068
1526.462,1.116383
1527.456,0.981956
1528.458,0.955466
1529.462,1.157029
1530.456,1.141713
1531.459,1.125576
1532.453,0.881651
1533.456,1.009117
1534.449,1.000153
1535.452,0.883733
1536.456,0.900950
1537.449,0.880265
1538.453,0.925291
1539.446,0.909039
1540.449,0.961535
1541.442,0.994901
1542.445,0.962183
1543.440,1.153738
1544.443,1.200756
1545.447,1.044476
1546.439,1.008208
1547.443,0.911424
1548.436,0.872262
1549.440,0.979244
1550.433,0.940109
1551.437,1.038173
1552.430,1.034911
1553.434,0.964324
1554.437,0.887209
1555.429,1.044832
1556.435,0.907008
1557.427,0.935081
1558.430,0.969459
1559.424,0.999369
1560.428,1.059097
1561.431,1.031656
1562.423,1.024099
1563.427,0.804105
1564.420,0.923824
1565.424,0.845254
1566.418,0.868941
1567.421,0.889362
1568.408,0.931790
1569.418,0.986389
1570.421,0.970935
1571.415,0.978546
1572.419,1.091046
1573.411,1.318648
1574.415,1.172794
1575.408,0.980400
1576.412,0.906923
1577.405,0.877900
1578.408,0.970046
1579.412,0.954265
1580.406,1.022773
1581.409,1.041841
1582.401,1.010121
1583.406,1.029003
1584.399,0.871628
1585.403,0.934068
1586.406,0.974595
1587.399,1.026227
1588.402,1.079060
1589.396,1.016673
1590.393,1.067702
1591.393,1.017485
1592.395,1.075877
1593.388,0.990363
1594.392,0.905082
1595.396,0.989480
1596.388,0.901419
1597.393,0.978489
1598.386,0.900187
1599.389,1.046193
1600.382,0.873534
1601.397,1.047811
1602.380,0.898121
1603.383,0.938390
1604.387,1.044895
1605.380,1.059925
1606.384,1.036925
1607.377,0.962487
1608.380,0.877686
1609.374,0.984564
1610.378,0.853870
1611.375,0.783776
1612.368,0.691838
1613.377,0.871235
1614.371,0.904352
1615.369,1.073015
1616.367,1.038617
1617.371,1.151704
1618.365,0.971576
1619.368,0.903066
1620.371,0.768028
1621.364,0.736703
1622.368,0.817769
1623.360,0.760767
1624.364,0.978972
1625.358,1.064887
1626.361,0.921709
1627.355,1.122693
1628.358,1.024739
1629.361,1.031571
1630.350,1.130998
1631.358,1.083080
1632.352,1.038793
1633.355,0.914359
1634.348,1.027692
1635.352,1.113575
1636.355,0.909893
1637.349,1.091786
1638.352,1.000822
1639.346,1.055357
1640.349,1.122858
1641.342,0.986363
1642.347,1.096692
1643.333,1.160612
1644.337,0.999800
1645.346,0.960832
1646.334,1.049719
1647.344,1.125206
1648.336,1.065832
1649.340,1.041690
1650.333,1.043738
1651.336,0.928256
1652.330,0.936984
1653.333,1.070670
1654.336,0.976778
1655.329,0.931591
1656.333,0.947775
1657.327,1.029854
1658.330,1.046174
1659.324,1.107307
1660.328,1.108609
1661.331,0.977885
1662.324,0.950809
1663.327,1.017294
1664.320,0.952533
1665.324,0.869300
1666.317,0.890447
1667.320,0.922581
1668.308,0.833618
1669.318,0.853775
1670.321,0.914896
1671.309,1.208898
1672.317,0.927702
1673.311,1.031192
1674.315,0.855362
1675.308,0.934527
1676.311,0.976949
1677.304,0.977940
1678.309,1.045546
1679.311,0.944203
1680.305,0.921296
1681.309,1.084365
1682.302,0.971536
1683.305,0.959514
1684.298,1.054641
1685.302,1.104956
1686.306,1.039253
1687.299,0.975071
1688.303,1.037303
1689.295,1.029962
1690.298,1.029170
1691.292,1.012117
1692.296,0.988789
1693.299,1.082925
1694.292,1.035514
1695.291,0.929660
1696.283,1.004119
1697.293,0.889477
1698.285,0.924307
1699.290,0.890768
1700.283,1.072269
1701.286,0.909935
1702.280,1.025869
1703.284,0.930880
1704.286,0.873182
1705.280,0.914069
1706.284,0.875815
1707.277,1.093355
1708.274,1.025720
1709.273,1.121855
1710.277,1.190431
1711.270,1.348350
1712.274,1.068627
1713.277,0.983590
1714.269,1.125533
1715.274,1.092273
1716.266,1.080291
1717.271,1.090917
1718.264,0.891239
1719.267,1.079310
1720.271,1.019322
1721.265,1.018223
1722.267,1.216561
1723.260,1.025017
1724.264,0.985118
1725.258,1.097566
1726.262,1.122450
1727.249,1.057387
1728.258,0.997574
1729.261,1.128950
1730.256,1.054267
1731.258,1.195991
1732.252,1.083483
1733.255,1.096114
1734.248,0.903867
1735.252,1.073910
1736.246,1.164219
1737.248,1.075779
1738.252,1.008891
1739.239,1.098869
1740.249,1.063370
1741.242,1.099802
1742.247,1.380324
1743.238,1.249905
1744.242,1.209989
1745.246,1.307979
1746.239,1.454582
1747.243,1.536675
1748.236,1.617513
1749.239,1.868831
1750.227,1.739771
1751.236,1.641312
1752.230,1.873374
1753.234,1.634199
1754.236,1.565026
1755.229,1.360425
1756.234,1.343734
1757.220,1.384360
1758.230,1.312938
1759.223,1.344547
1760.227,1.302482
1761.220,1.313661
1762.223,1.308961
1763.221,1.290819
1764.221,1.063970
1765.223,0.897617
1766.217,0.987769
1767.215,1.026786
1768.213,1.024488
1769.211,1.089552
1770.221,1.242182
1771.214,1.293929
1772.217,1.040715
1773.212,0.987765
1774.214,1.057182
1775.206,1.140128
1776.211,1.243503
1777.204,1.118701
1778.207,1.146192
1779.212,1.179733
1780.205,1.040977
1781.209,1.024090
1782.201,0.893133
1783.205,0.922966
1784.198,0.932119
1785.212,0.994466
1786.195,1.033937
1787.198,0.921432
1788.202,0.779457
1789.196,0.798783
1790.198,0.919815
1791.192,0.938345
1792.195,0.916550
1793.188,0.804758
1794.193,0.799929
1795.196,0.863565
1796.188,0.967746
1797.192,0.982715
1798.181,0.997512
1799.190,0.976469
1800.183,1.069631
1801.186,0.979320
1802.179,0.923951
1803.182,0.942807
1804.186,0.962595
1805.180,1.061137
1806.183,1.006174
1807.177,1.067717
1808.181,0.963083
1809.173,1.038886
1810.171,1.003163
1811.169,1.012202
1812.174,0.946565
1813.177,1.011866
1814.169,1.007576
1815.174,1.083237
1816.167,1.195878
1817.170,1.282384
1818.164,1.055868
1819.166,1.240152
1820.170,1.025044
1821.165,1.070163
1822.167,1.295042
1823.161,1.139164
1824.165,1.136829
1825.151,1.319692
1826.161,1.295544
1827.153,1.207615
1828.151,1.387180
1829.162,1.486336
1830.154,1.595972
1831.158,1.789109
1832.151,1.727766
1833.148,1.627092
1834.147,1.571879
1835.151,1.691986
1836.145,2.031071
1837.147,2.018180
1838.152,1.954563
1839.145,1.917989
1840.148,2.175915
1841.142,2.088338
1842.145,2.449770
1843.139,2.670276
1844.137,2.887753
1845.145,3.304469
1846.139,3.173233
1847.137,3.391369
1848.130,3.090762
1849.139,2.651287
1850.132,3.219253
1851.130,4.125380
1852.129,3.864564
1853.133,4.045112
1854.136,3.769796
1855.130,3.802909
1856.132,4.104367
1857.125,4.588780
1858.130,4.863043
1859.123,5.546900
1860.126,5.691850
1861.120,6.040877
1862.123,5.631176
1863.127,4.801545
1864.121,4.513620
1865.123,4.728797
1866.117,5.435890
1867.120,5.751621
1868.114,6.280020
1869.117,6.085306
1870.120,5.501514
1871.113,5.393970
1872.117,5.641430
1873.111,5.574245
1874.113,5.591749
1875.107,5.680384
1876.111,6.026978
1877.116,6.140710
1878.108,6.442257
1879.111,6.688773
1880.104,6.971799
1881.108,6.745030
1882.102,6.333722
1883.104,6.897095
1884.099,7.560026
1885.102,7.533496
1886.095,7.380605
1887.099,7.337614
1888.102,7.080983
1889.095,7.265330
1890.093,7.826522
1891.092,7.091434
1892.090,6.664174
1893.088,6.167602
1894.092,6.398320
1895.095,6.476819
1896.089,6.665859
1897.092,7.170024
1898.085,7.085567
1899.089,7.948829
1900.082,8.103430
1901.085,8.384807
1902.079,8.722633
1903.083,7.303251
1904.086,6.572374
1905.079,6.853745
1906.083,7.272585
1907.076,7.469354
1908.079,7.881014
1909.074,8.426363
1910.076,9.319621
1911.064,9.397736
1912.074,8.734373
1913.077,6.924992
1914.070,6.944806
1915.073,7.309470
1916.067,8.332452
1917.071,7.735941
1918.063,7.704164
1919.067,8.530492
1920.071,9.006166
1921.064,9.256899
1922.068,9.208293
1923.061,8.176413
1924.064,6.998340
1925.058,7.151503
1926.061,8.140824
1927.054,8.708477
1928.058,8.584755
1929.060,8.870047
1930.054,8.625269
1931.057,8.500033
1932.051,8.203058
1933.055,7.507824
1934.048,7.483813
1935.051,8.418943
1936.044,8.801379
1937.048,8.725542
1938.051,9.839489
1939.044,9.464213
1940.049,7.185946
1941.042,7.693615
1942.045,7.795937
1943.038,8.591803
1944.042,9.658993
1945.036,10.136068
1946.039,9.722317
1947.042,9.748798
1948.036,8.448548
1949.040,7.779360
1950.032,7.893490
1951.035,9.257362
1952.029,9.354238
1953.026,9.679276
1954.036,8.432003
1955.029,7.128558
1956.033,7.588286
1957.026,8.060480
1958.030,8.543604
1959.022,9.899199
1960.026,9.225771
1961.020,9.426053
1962.023,9.074679
1963.027,7.795200
1964.020,8.212697
1965.024,9.138815
1966.018,9.460614
1967.020,9.147488
1968.012,7.890015
1969.016,7.888337
1970.010,8.326016
1971.013,8.501372
1972.017,8.843727
1973.010,9.380675
1974.014,9.350777
1975.007,9.754989
1976.010,9.767742
1977.004,7.736313
1978.008,8.309402
1979.010,8.919659
1980.003,9.238345
1981.008,8.746252
1982.002,6.642819
1983.004,7.030538
1983.998,8.631057
1985.002,8.866253
1985.994,9.822871
1986.998,9.133255
1987.996,10.264398
1988.995,10.580620
1989.998,10.991507
1990.991,10.725286
1991.995,8.019816
1992.989,7.866479
1993.991,8.181808
1994.985,8.112708
1995.989,8.742540
1996.992,9.237253
1997.984,9.148584
1998.990,8.518551
1999.982,6.843491
2000.985,7.382045
2001.978,8.301035
2002.982,8.237213
2003.980,8.678545
2004.979,8.876504
2005.982,9.226157
2006.977,9.935574
2007.980,9.325908
2008.972,8.158408
2009.976,8.587224
2010.970,7.609821
2011.973,7.640535
2012.976,8.508230
2013.970,9.225091
2014.974,9.342768
2015.966,8.783705
2016.970,8.891780
2017.963,8.574288
2018.966,7.725938
2019.960,7.894604
2020.963,8.002216
2021.967,7.848134
2022.960,8.829701
2023.964,8.541095
2024.957,7.859099
2025.961,6.916532
2026.954,6.796179
2027.958,7.711467
2028.961,8.169620
2029.953,9.140006
2030.957,8.587441
2031.951,9.272247
2032.954,8.966594
2033.947,8.536248
2034.952,6.804199
2035.944,6.979411
2036.948,7.211710
2037.951,6.734670
2038.945,7.548629
2039.948,8.304235
2040.940,8.393596
2041.945,7.520202
2042.939,7.384887
2043.941,8.199697
2044.935,8.728580
2045.939,7.373940
2046.941,8.639402
2047.935,9.056168
2048.934,8.593809
2049.931,8.147437
2050.936,6.538620
2051.929,6.860489
2052.932,6.795345
2053.936,7.112815
2054.929,7.953089
2055.933,8.338987
2056.926,8.712566
2057.929,7.058689
2058.917,6.501913
2059.927,6.861359
2060.919,7.498294
2061.923,7.921059
2062.921,8.348045
2063.919,7.765456
2064.923,6.289659
2065.917,6.258892
2066.920,7.351720
2067.912,7.739708
2068.917,7.855393
2069.910,7.823799
2070.913,8.363829
2071.916,8.685888
2072.911,7.254103
2073.914,5.828849
2074.907,6.867084
2075.910,6.769812
2076.898,7.241348
2077.907,7.738884
2078.910,6.905070
2079.904,6.390375
2080.907,5.835923
2081.900,6.065752
2082.903,6.125680
2083.897,6.809767
2084.901,7.409020
2085.895,6.274452
2086.898,7.259676
2087.901,7.504730
2088.895,7.800634
2089.899,8.653773
2090.892,7.161799
2091.889,5.993017
2092.888,6.300928
2093.891,6.776014
2094.886,6.597200
2095.888,7.235950
2096.892,7.793094
2097.885,8.426387
2098.889,8.301850
2099.882,6.603005
2100.886,6.270430
2101.879,7.131442
2102.882,7.442479
2103.886,7.553990
2104.879,8.669087
2105.877,7.938821
2106.876,6.606355
2107.880,7.120983
2108.872,6.818097
2109.876,7.715359
2110.869,7.634477
2111.873,7.840233
2112.875,7.462390
2113.864,8.198423
2114.873,8.932914
2115.866,8.713900
2116.870,8.871421
2117.864,8.551895
2118.867,6.163051
2119.859,6.634940
2120.864,7.446881
2121.861,7.485212
2122.860,8.604355
2123.863,8.100000
2124.857,7.733592
2125.861,7.444343
2126.848,7.369773
2127.857,6.209392
2128.860,6.962047
2129.854,6.649109
2130.858,7.470121
2131.850,7.003246
2132.854,7.927188
2133.848,8.073072
2134.851,7.781948
2135.838,7.660950
2136.848,7.952128
2137.851,8.616881
2138.845,8.063004
2139.848,7.961425
2140.841,8.170503
2141.845,8.042020
2142.850,7.306548
2143.842,6.509988
2144.835,6.885053
2145.838,7.103561
2146.842,7.063399
2147.834,7.380730
2148.839,7.308580
2149.832,8.286026
2150.835,7.654985
2151.828,7.416310
2152.831,7.534970
2153.825,8.256696
2154.828,7.656150
2155.831,7.741170
2156.826,8.087466
2157.829,8.393305
2158.822,8.479757
2159.826,8.735064
2160.819,8.842270
2161.823,8.832456
2162.826,8.394358
2163.819,8.670543
2164.823,8.508369
2165.817,9.011820
2166.814,8.760171
2167.812,8.966997
2168.816,9.141758
2169.809,7.873994
2170.814,8.197402
2171.818,8.099541
2172.810,7.242319
2173.814,7.189413
2174.807,7.401556
2175.810,8.104920
2176.804,7.809505
2177.807,7.833911
2178.800,7.824177
2179.804,7.767743
2180.807,7.955572
2181.800,7.970897
2182.804,7.958654
2183.798,8.279779
2184.801,9.123777
2185.794,8.367477
2186.798,9.166473
2187.801,8.900280
2188.795,9.184421
2189.798,8.958840
2190.790,9.278502
2191.794,9.190208
2192.788,8.863050
2193.791,9.320991
2194.779,9.227610
2195.789,8.713766
2196.792,7.285740
2197.785,6.890935
2198.788,7.249473
2199.781,7.566118
2200.786,7.721345
2201.779,8.440151
2202.782,8.130260
2203.775,8.841559
2204.778,8.467420
2205.782,9.198230
2206.775,9.299688
2207.779,9.236012
2208.772,7.185232
2209.776,6.107056
2210.764,6.397404
2211.773,7.261036
2212.775,8.117114
2213.768,7.866821
2214.774,8.433867
2215.766,8.488264
2216.770,8.255507
2217.763,6.448725
2218.767,7.135723
2219.760,7.029835
2220.764,7.683065
2221.761,8.489293
2222.760,8.539620
2223.764,9.065724
2224.757,9.755682
2225.754,9.941184
2226.754,9.890594
2227.757,9.363411
2228.750,7.468777
2229.748,8.036906
2230.758,7.972618
2231.751,8.709410
2232.755,9.128160
2233.748,9.227906
2234.750,9.545252
2235.743,9.471851
2236.748,10.071323
2237.751,9.405886
2238.745,7.858696
2239.748,7.339685
2240.741,7.536327
2241.744,8.230409
2242.737,9.011902
2243.741,9.263870
2244.735,9.474910
2245.738,9.550083
2246.742,8.793712
2247.735,7.579567
2248.739,7.370661
2249.731,7.415523
2250.736,8.093833
2251.728,9.046936
2252.732,9.524042
2253.725,10.013696
2254.729,10.043819
2255.726,9.991576
2256.726,9.854756
2257.729,9.298969
2258.722,7.651650
2259.726,8.367053
2260.719,8.898813
2261.722,8.977994
2262.726,9.623856
2263.718,10.072060
2264.723,10.096727
2265.717,8.545677
2266.719,7.756978
2267.713,8.171676
2268.717,8.142148
2269.710,8.682592
2270.713,9.442546
2271.716,10.017111
2272.709,10.179317
2273.713,10.041541
2274.707,8.899329
2275.710,9.252722
2276.697,8.499167
2277.708,8.853061
2278.700,9.133131
2279.703,9.772859
2280.707,10.189011
2281.700,10.010052
2282.705,9.141733
2283.697,8.132491
2284.701,8.624365
2285.695,8.838645
2286.697,10.280962
2287.695,9.121193
2288.695,9.963509
2289.698,11.068018
2290.690,10.114757
2291.695,8.369192
2292.688,8.923685
2293.691,8.809097
2294.684,9.270787
2295.688,9.414433
2296.686,9.582388
2297.685,9.776115
2298.689,10.441344
2299.682,10.220738
2300.685,9.547973
2301.678,9.496965
2302.682,7.441067
2303.675,8.132814
2304.679,8.918976
2305.681,8.587996
2306.675,9.591105
2307.678,10.242839
2308.673,9.942981
2309.676,10.089492
2310.668,10.395530
2311.673,10.695881
2312.677,9.279898
2313.669,8.700989
2314.672,7.929098
2315.667,8.307543
2316.681,9.047038
2317.664,9.579969
2318.666,9.727681
2319.659,9.356045
2320.663,9.068469
2321.666,9.711446
2322.660,9.317879
2323.663,8.941687
2324.657,9.301299
2325.659,9.791830
2326.653,10.228162
2327.656,10.685733
2328.649,10.730528
2329.653,10.953733
2330.657,11.909712
2331.650,10.049688
2332.654,8.774453
2333.647,8.458296
2334.651,8.878745
2335.644,9.779855
2336.647,10.305539
2337.651,10.290096
2338.644,10.854064
2339.647,11.017432
2340.641,10.709363
2341.644,11.639821
2342.638,11.218382
2343.642,10.268391
2344.634,8.361780
2345.638,8.801114
2346.642,9.057033
2347.634,9.811685
2348.638,10.944167
2349.631,11.201068
2350.635,11.701066
2351.627,11.041067
2352.633,8.579463
2353.625,9.303760
2354.628,9.875236
2355.632,10.258839
2356.625,11.243447
2357.629,10.265811
2358.622,8.339377
2359.625,8.127739
2360.618,8.646403
2361.623,8.866741
2362.616,10.046429
2363.619,10.977114
2364.622,11.654161
2365.616,9.868230
2366.619,8.337288
2367.612,9.402973
2368.616,9.277942
2369.609,10.724508
2370.612,11.061390
2371.616,11.489600
2372.609,10.199304
2373.613,10.018108
2374.605,7.917748
2375.611,9.447925
2376.604,9.961446
2377.606,10.801858
2378.600,11.549369
2379.604,10.673201
2380.607,8.428053
2381.600,9.304152
2382.604,9.528210
2383.597,9.637807
2384.600,9.966142
2385.594,10.975833
2386.591,11.091992
2387.591,11.394922
2388.595,11.478605
2389.597,10.163169
2390.585,9.357835
2391.595,9.311828
2392.588,9.325979
2393.591,10.591045
2394.584,10.741691
2395.588,11.104265
2396.586,10.446164
2397.584,10.528490
2398.588,10.011946
2399.582,9.743213
2400.585,9.697083
2401.578,9.490388
2402.581,9.213125
2403.575,10.051839
2404.577,11.294040
2405.585,11.496113
2406.575,9.951482
2407.578,8.616346
2408.572,8.844234
2409.574,9.957872
2410.562,10.888912
2411.572,10.504427
2412.566,11.397267
2413.563,11.961215
2414.573,11.399770
2415.566,10.877156
2416.570,10.240589
2417.563,9.899732
2418.566,10.109462
2419.559,10.637456
2420.563,10.716299
2421.565,11.888765
2422.560,8.618022
2423.564,9.013259
2424.556,9.573967
2425.559,9.966271
2426.553,10.868852
2427.557,11.921219
2428.550,11.587192
2429.552,11.190847
2430.550,11.999593
2431.551,12.736230
2432.554,12.079199
2433.546,11.833850
2434.551,11.292827
2435.543,8.724130
2436.541,9.478546
2437.541,10.070493
2438.544,10.872165
2439.547,11.720595
2440.540,9.187379
2441.544,8.252055
2442.537,9.095651
2443.541,9.747043
2444.535,11.445183
2445.537,10.985881
2446.541,10.826763
2447.535,10.788205
2448.537,8.991511
2449.542,10.005385
2450.534,10.576362
2451.528,10.372211
2452.531,11.400861
2453.525,11.557446
2454.528,11.201931
2455.532,9.889684
2456.525,9.050766
2457.528,9.602365
2458.516,9.676765
2459.525,10.333002
2460.518,11.399292
2461.516,12.050105
2462.515,10.892475
2463.518,9.230516
2464.516,9.122845
2465.509,9.599929
2466.514,10.211876
2467.512,9.913765
2468.510,11.357438
2469.510,12.171150
2470.512,11.053593
2471.516,10.854702
2472.510,9.812177
2473.513,9.022092
2474.505,9.679708
2475.510,10.222145
2476.503,10.037048
2477.505,10.839585
2478.500,11.863375
2479.503,10.178844
2480.507,8.757041
2481.499,9.155032
2482.498,10.684390
2483.496,11.096365
2484.500,7.192482
2485.488,8.657031
2486.497,9.807891
2487.490,11.176837
2488.493,11.737503
2489.497,12.069523
2490.490,12.830733
2491.493,12.378916
2492.487,12.410638
2493.491,11.476004
2494.484,9.481978
2495.487,10.549440
2496.492,11.986531
2497.484,10.506864
2498.488,8.956790
2499.481,10.053857
2500.484,11.175254
2501.477,11.468995
2502.482,9.764193
2503.474,8.909488
2504.478,9.860150
2505.481,10.422416
2506.475,10.414559
2507.479,10.285837
2508.472,10.846690
2509.474,11.710574
2510.468,11.659646
2511.473,11.657196
2512.465,12.022357
2513.469,9.687322
2514.472,9.462204
2515.466,9.609881
2516.470,9.757339
2517.462,10.985396
2518.466,11.356236
2519.460,8.510866
2520.462,9.203010
2521.465,10.459886
2522.459,10.822342
2523.463,11.323071
2524.456,12.157978
2525.460,13.409763
2526.453,12.819571
2527.456,11.148710
2528.450,10.514109
2529.453,10.960608
2530.456,11.092412
2531.450,12.607891
2532.453,10.979022
2533.447,9.429435
2534.451,10.304842
2535.443,10.721780
2536.440,11.590082
2537.440,12.931026
2538.443,10.053606
2539.447,9.382281
2540.435,10.599783
2541.443,11.141944
2542.438,11.717747
2543.441,9.636400
2544.433,10.332839
2545.438,11.312460
2546.441,10.291868
2547.434,10.615115
2548.437,12.009823
2549.432,12.764134
2550.434,11.508514
2551.427,9.665129
2552.432,10.063702
2553.419,11.190276
2554.429,12.103390
2555.432,9.523646
2556.425,9.530637
2557.428,9.331795
2558.422,10.446681
2559.425,10.503077
2560.418,12.088632
2561.421,11.644215
2562.414,8.887928
2563.418,9.467057
2564.422,10.507191
2565.416,11.589673
2566.419,11.477165
2567.407,12.295395
2568.415,12.486873
2569.409,11.204633
2570.412,10.150588
2571.406,10.058705
2572.409,11.457722
2573.412,11.442361
2574.400,9.021980
2575.409,9.626324
2576.402,10.253608
2577.407,10.496517
2578.400,8.512999
2579.402,8.725231
2580.406,9.602616
2581.401,9.861856
2582.414,10.615767
2583.397,11.020606
2584.401,12.336022
2585.393,11.940242
2586.397,9.014558
2587.390,10.635118
2588.394,11.805972
2589.397,12.459825
2590.391,11.706404
2591.393,11.565880
2592.382,10.012951
2593.391,11.000020
2594.385,11.418721
2595.382,11.382028
2596.382,12.623006
2597.384,9.410496
2598.388,9.703417
2599.382,10.041919
2600.384,11.057391
2601.378,11.180929
2602.382,8.394301
2603.374,9.067571
2604.377,10.586247
2605.381,11.284557
2606.375,8.107652
2607.378,8.492097
2608.366,10.187055
2609.375,10.447416
2610.368,10.867542
2611.371,11.560950
2612.359,12.649802
2613.369,10.779464
2614.371,10.094015
2615.365,10.818763
2616.363,11.925212
2617.362,12.494307
2618.366,12.350818
2619.358,13.279415
2620.356,13.950228
2621.355,12.454830
2622.359,12.635250
2623.373,12.735198
2624.357,10.070249
2625.359,11.110341
2626.353,11.356331
2627.350,11.758128
2628.349,12.438630
2629.352,13.300021
2630.357,12.014687
2631.349,10.802468
2632.354,10.392602
2633.347,9.220406
2634.350,10.133925
2635.343,9.975858
2636.346,9.994178
2637.340,10.807389
2638.343,10.175609
2639.347,10.681802
2640.341,11.210434
2641.343,10.836386
2642.337,12.164838
2643.341,11.049061
2644.333,11.292744
2645.337,11.020472
2646.331,10.940216
2647.334,10.996402
2648.338,10.760678
2649.331,11.272304
2650.334,11.109739
2651.328,10.989781
2652.330,10.992120
2653.324,11.125922
2654.328,11.541939
2655.331,10.882809
2656.319,9.712720
2657.328,9.082848
2658.321,9.142896
2659.325,9.059694
2660.319,10.212002
2661.321,10.474042
2662.314,10.031411
2663.319,10.654552
2664.316,11.025877
2665.316,11.143929
2666.319,12.255346
2667.312,12.305816
2668.316,11.976724
2669.309,10.491200
2670.312,9.371693
2671.306,10.155225
2672.309,10.765067
2673.312,11.425799
2674.306,11.966965
2675.309,13.109140
2676.303,13.466342
2677.307,13.420464
2678.299,14.104732
2679.303,14.069615
2680.306,13.256498
2681.299,14.398080
2682.297,12.237312
2683.297,10.190146
2684.299,11.751252
2685.292,10.611656
2686.297,10.557651
2687.289,11.566492
2688.293,12.681911
2689.297,12.775473
2690.290,12.717876
2691.293,12.251017
2692.287,11.528534
2693.290,10.390383
2694.283,10.187241
2695.287,10.645563
2696.280,10.668599
2697.283,11.567546
2698.287,12.359732
2699.280,11.933010
2700.284,12.357388
2701.272,12.888202
2702.281,13.056189
2703.273,12.637076
2704.278,12.404789
2705.281,11.661870
2706.268,10.542373
2707.279,9.917919
2708.272,10.296316
2709.269,10.509813
2710.268,10.169510
2711.271,10.723050
2712.266,11.501543
2713.268,12.349391
2714.271,11.406931
2715.266,12.887424
2716.269,12.959748
2717.261,12.880747
2718.266,12.561874
2719.258,13.583175
2720.261,12.023023
2721.256,9.864099
2722.259,9.672353
2723.262,11.559290
2724.255,11.890662
2725.259,11.048786
2726.253,11.415943
2727.256,12.910237
2728.250,12.397979
2729.252,12.793923
2730.256,12.431437
2731.249,12.934191
2732.253,12.002646
2733.246,11.413273
2734.250,11.991505
2735.243,11.879656
2736.246,11.908477
2737.239,12.256071
2738.243,12.216207
2739.246,12.784630
2740.240,11.447249
2741.243,10.826092
2742.237,9.378903
2743.240,9.495023
2744.233,10.606527
2745.237,10.577193
2746.230,10.493431
2747.234,11.534507
2748.237,11.789310
2749.225,12.797715
2750.234,13.076474
2751.228,12.601661
2752.231,12.446434
2753.225,10.758097
2754.227,10.812907
2755.225,10.601911
2756.236,11.249780
2757.228,11.011591
2758.221,11.181498
2759.226,11.830560
2760.218,11.949244
2761.220,12.566697
2762.215,11.906050
2763.219,12.426085
2764.221,12.270100
2765.215,12.375682
2766.219,11.887395
2767.212,12.051992
2768.215,11.694403
2769.209,11.098610
2770.212,10.979101
2771.206,12.195334
2772.209,12.584142
2773.213,13.771741
2774.206,13.017725
2775.209,11.915926
2776.201,9.952419
2777.205,9.159055
2778.199,9.467112
2779.201,9.895631
2780.196,10.536193
2781.200,9.898469
2782.203,11.597250
2783.196,11.149583
2784.193,10.989385
2785.193,11.684710
2786.197,11.372329
2787.189,10.815579
2788.193,11.343902
2789.197,12.528708
2790.190,11.931424
2791.193,12.671749
2792.187,12.652226
2793.189,12.676198
2794.183,12.273171
2795.187,12.722404
2796.180,11.093945
2797.195,10.235985
2798.187,11.515263
2799.180,10.136234
2800.184,10.455850
2801.178,10.479898
2802.181,11.235520
2803.174,11.106798
2804.178,10.872042
2805.171,11.145528
2806.175,11.116784
2807.178,10.929260
2808.171,11.417850
2809.174,11.579507
2810.168,12.408564
2811.171,12.868115
2812.165,11.996167
2813.167,13.086345
2814.171,10.701686
2815.166,10.410788
2816.168,10.345132
2817.156,11.444641
2818.159,11.419540
2819.152,11.438021
2820.161,10.035999
2821.156,9.808183
2822.159,9.867774
2823.163,10.172517
2824.155,10.707290
2825.159,10.595537
2826.151,10.110540
2827.156,10.713807
2828.149,10.571819
2829.152,10.983287
2830.146,11.339913
2831.143,11.296098
2832.153,11.947789
2833.146,11.904220
2834.149,12.113034
2835.144,13.094662
2836.146,12.240931
2837.140,13.174909
2838.143,11.271964
2839.147,9.557198
2840.139,10.337011
2841.143,10.732993
2842.131,10.691575
2843.139,11.151961
2844.134,11.836601
2845.138,12.354026
2846.130,12.135656
2847.134,12.087309
2848.138,12.423098
2849.124,12.152571
2850.134,12.433089
2851.127,12.220847
2852.131,10.463541
2853.124,11.060151
2854.127,10.912480
2855.121,11.343250
2856.118,12.230303
2857.127,11.256655
2858.122,11.696478
2859.118,12.952685
2860.117,12.575959
2861.121,13.080203
2862.115,12.545805
2863.117,10.989825
2864.121,10.551575
2865.115,10.060572
2866.118,10.014670
2867.112,10.773253
2868.116,11.484186
2869.109,11.426015
2870.106,11.863940
2871.105,12.650643
2872.109,12.276367
2873.112,12.381543
2874.105,12.465075
2875.110,12.682000
2876.101,12.702638
2877.106,11.561687
2878.099,9.479559
2879.102,9.648342
2880.096,10.018382
2881.099,10.742967
2882.103,10.918638
2883.096,11.216309
2884.099,11.405094
2885.093,12.390632
2886.090,13.027769
2887.089,13.067215
2888.093,12.695595
2889.091,12.466090
2890.089,10.543679
2891.093,10.190684
2892.087,10.615297
2893.090,10.842799
2894.078,11.122061
2895.087,11.832750
2896.080,13.191725
2897.083,11.604443
2898.086,12.387978
2899.080,11.793874
2900.084,12.135979
2901.076,11.122589
2902.080,9.598427
2903.074,10.112969
2904.077,11.098437
2905.069,10.838012
2906.075,11.409260
2907.078,11.581346
2908.071,11.801381
2909.075,12.584628
2910.067,12.668117
2911.072,12.003708
2912.064,11.580937
2913.061,12.322533
2914.072,11.907921
2915.064,11.854297
2916.068,12.408600
2917.061,12.009849
2918.065,12.855296
2919.058,12.409540
2920.062,11.692146
2921.055,11.728484
2922.058,11.770224
2923.063,11.453641
2924.055,11.750455
2925.058,11.338244
2926.052,11.422889
2927.056,11.665212
2928.049,10.032937
2929.052,10.017241
2930.046,10.164254
2931.049,11.098845
2932.053,10.518848
2933.040,10.634721
2934.049,10.808085
2935.037,11.506995
2936.047,10.909065
2937.040,10.718498
2938.037,10.697899
2939.046,10.999249
2940.040,11.263355
2941.043,11.287090
2942.036,12.794509
2943.040,11.844345
2944.034,11.914290
2945.036,11.807706
2946.024,12.803196
2947.034,13.216348
2948.037,12.416583
2949.030,12.619583
2950.035,11.745137
2951.027,10.858980
2952.031,9.858695
2953.023,10.305226
2954.028,9.930902
2955.021,10.104791
2956.024,10.095325
2957.028,9.997460
2958.020,10.115371
2959.024,10.429414
2960.017,10.788275
2961.021,10.747630
2962.014,11.744040
2963.017,11.282436
2964.022,12.537278
2965.009,12.090146
2966.019,12.451868
2967.012,11.588657
2968.016,11.939807
2969.008,10.676473
2970.012,9.664575
2971.005,10.639938
2972.008,10.309526
2973.012,10.300459
2974.006,10.724721
2975.008,10.312907
2976.002,10.939105
2977.005,11.311086
2977.998,11.562745
2979.002,11.965877
2979.996,12.011142
2980.999,12.770916
2982.003,11.994975
2982.995,10.609762
2983.999,10.599104
2984.993,10.985065
2985.996,10.008709
2986.989,9.597428
2987.993,10.827413
2988.996,11.644591
2989.990,11.930499
2990.993,11.672353
2991.986,9.002998
2992.989,9.854569
2993.983,10.072822
2994.985,10.415620
2995.980,11.621054
2996.983,12.009083
2997.986,11.685913
2998.981,12.311428
2999.978,11.279700
3000.971,9.877897
3001.980,10.837314
3002.973,10.826717
3003.977,11.577675
3004.971,12.765861
3005.974,12.486722
3006.977,11.735666
3007.971,12.770971
3008.974,11.495734
3009.967,9.981791
3010.970,9.931337
3011.964,10.689998
3012.967,11.198439
3013.961,12.386762
3014.964,11.529298
3015.967,10.675709
3016.961,9.922515
3017.965,10.759803
3018.952,10.669802
3019.961,11.764865
3020.956,12.292183
3021.959,12.774939
3022.962,9.850704
3023.955,9.658255
3024.959,10.253541
3025.953,10.808088
3026.955,11.896153
3027.948,12.215386
3028.953,11.124399
3029.946,10.826624
3030.948,10.683805
3031.952,10.862800
3032.946,10.966423
3033.949,11.647241
3034.943,11.650964
3035.945,13.780051
3036.940,12.226464
3037.942,13.415877
3038.936,11.375602
3039.940,9.281601
3040.942,9.698929
3041.937,10.627457
3042.940,11.158654
3043.932,11.642290
3044.937,11.709364
3045.930,11.203525
3046.933,11.020464
3047.937,9.741626
3048.930,10.747858
3049.934,11.399960
3050.926,12.326429
3051.930,11.811803
3052.924,9.915201
3053.927,10.296225
3054.920,10.896080
3055.923,10.639154
3056.926,11.110598
3057.921,11.987106
3058.924,12.980513
3059.917,13.110594
3060.921,12.176179
3061.915,11.120449
3062.917,11.430822
3063.910,9.894100
3064.914,10.443158
3065.918,10.932307
3066.912,11.033070
3067.915,10.391316
3068.908,10.382599
3069.911,11.212459
3070.904,11.554999
3071.908,12.031210
3072.911,12.342331
3073.905,12.351046
3074.909,12.288082
3075.902,11.369422
3076.905,11.899174
3077.892,10.994006
3078.903,9.190747
3079.896,10.005296
3080.899,10.009756
3081.902,10.368699
3082.896,11.630802
3083.899,12.128603
3084.892,12.602604
3085.895,11.981390
3086.889,9.185953
3087.893,9.974608
3088.885,10.141563
3089.889,10.246706
3090.893,10.589773
3091.886,11.747861
3092.889,12.504773
3093.882,12.341852
3094.886,10.806236
3095.880,9.211749
3096.877,10.315911
3097.887,10.261366
3098.874,10.688582
3099.884,11.486190
3100.877,11.512854
3101.880,12.530960
3102.874,12.786581
3103.888,12.423387
3104.870,11.798422
3105.873,10.640451
3106.877,9.728669
3107.871,10.810006
3108.873,11.117147
3109.867,11.610831
3110.871,11.695611
3111.864,11.967719
3112.867,12.264681
3113.861,12.521095
3114.864,12.422485
3115.868,11.675445
3116.861,11.401281
3117.864,10.380073
3118.858,10.513176
3119.862,10.997691
3120.854,11.154115
3121.858,10.615919
3122.861,11.932371
3123.855,12.351846
3124.858,12.307223
3125.852,12.080883
3126.855,11.688931
3127.849,10.577256
3128.847,9.695311
3129.846,9.648442
3130.843,10.328369
3131.853,10.121704
3132.840,10.779963
3133.850,11.171243
3134.841,11.858468
3135.846,11.958163
3136.840,11.659352
3137.843,11.365589
3138.836,11.301721
3139.839,11.253187
3140.843,11.479320
3141.836,12.075274
3142.839,11.369389
3143.827,12.173816
3144.849,12.025130
3145.829,12.513125
3146.833,11.588617
3147.836,11.872770
3148.830,12.958153
3149.833,11.764302
3150.826,10.567812
3151.831,9.594985
3152.823,10.647228
3153.827,10.829615
3154.821,10.212359
3155.823,10.763388
3156.821,10.601388
3157.820,11.452396
3158.817,11.180021
3159.818,12.640687
3160.820,11.857693
3161.813,11.552064
3162.818,10.948812
3163.811,10.490594
3164.814,10.166054
3165.818,10.594874
3166.811,10.693649
3167.814,11.724386
3168.808,11.196292
3169.812,11.886255
3170.804,12.214946
3171.808,12.660624
3172.811,12.516065
3173.804,12.614878
3174.808,11.882206
3175.802,11.610950
3176.804,11.864097
3177.799,10.006704
3178.802,10.302045
3179.789,10.554403
3180.798,10.477634
3181.797,11.184739
3182.789,12.232590
3183.799,12.797325
3184.792,12.528197
3185.808,11.263008
3186.789,9.812531
3187.786,9.837745
3188.785,9.728339
3189.789,11.292614
3190.793,12.042552
3191.785,11.931544
3192.789,13.154321
3193.781,12.363391
3194.786,13.285784
3195.780,12.785939
3196.783,12.103595
3197.787,10.834781
3198.780,10.650123
3199.782,10.917851
3200.776,12.035148
3201.780,12.328148
3202.772,12.786304
3203.776,10.862830
3204.771,9.382865
3205.774,10.261822
3206.776,11.079177
3207.770,11.808477
3208.773,12.723577
3209.766,10.632238
3210.771,9.837656
3211.763,9.966031
3212.767,9.808677
3213.761,11.670034
3214.764,11.680627
3215.769,11.840498
3216.761,11.984411
3217.764,10.351948
3218.758,10.800768
3219.755,10.796730
3220.754,11.038581
3221.758,12.009356
3222.751,12.446246
3223.754,10.740775
3224.758,9.464469
3225.752,10.458897
3226.765,11.187994
3227.748,11.412410
3228.752,11.743739
3229.745,12.995137
3230.749,13.602969
3231.752,13.366885
3232.745,13.519676
3233.754,11.573522
3234.742,10.523573
3235.745,11.269431
3236.739,11.464425
3237.743,12.105558
3238.735,12.294853
3239.739,12.077010
3240.742,11.052902
3241.735,10.699229
3242.740,9.482298
3243.732,10.281128
3244.736,11.424754
3245.730,11.763442
3246.733,11.576573
3247.726,12.024457
3248.730,10.086234
3249.732,10.530744
3250.726,11.065607
3251.731,11.701383
3252.723,13.030534
3253.721,12.165916
3254.720,10.019054
3255.723,9.692752
3256.721,10.648236
3257.720,11.647545
3258.723,11.975115
3259.718,10.326106
3260.720,9.721946
3261.713,10.312789
3262.718,10.749997
3263.710,12.172354
3264.714,12.398580
3265.718,11.713102
3266.711,9.738751
3267.714,10.343506
3268.707,11.886148
3269.711,12.093636
3270.703,12.733370
3271.708,13.709659
3272.700,13.689323
3273.704,13.866547
3274.708,13.789899
3275.701,11.344966
3276.704,11.105250
3277.699,11.115372
3278.700,11.656657
3279.695,12.581445
3280.698,13.057198
3281.701,12.721473
3282.695,12.870375
3283.699,13.244466
3284.693,11.522195
3285.696,10.790562
3286.689,10.118123
3287.687,10.368935
3288.685,10.611552
3289.683,10.996823
3290.692,11.086153
3291.686,11.759943
3292.690,11.891874
3293.682,12.693528
3294.686,12.671726
3295.679,13.047069
3296.682,12.827336
3297.677,11.750816
3298.679,11.583353
3299.677,10.926488
3300.676,9.899890
3301.679,10.442752
3302.673,10.901852
3303.677,10.890705
3304.670,11.517120
3305.672,12.535084
3306.677,12.467606
3307.664,12.394609
3308.673,11.753072
3309.667,10.672483
3310.669,10.747344
3311.664,10.341462
3312.668,9.824091
3313.659,10.678678
3314.663,10.499523
3315.668,10.427999
3316.660,11.054925
3317.664,11.614169
3318.651,10.917657
3319.660,11.440769
3320.655,11.703042
3321.658,12.768585
3322.651,12.216095
3323.654,12.426095
3324.658,12.656890
3325.651,12.105971
3326.655,11.582617
3327.647,11.431902
3328.651,11.040344
3329.639,10.519760
3330.649,11.755860
3331.646,10.765215
3332.646,12.000932
3333.650,12.280376
3334.642,12.041254
3335.639,10.872447
3336.638,9.165660
3337.642,10.230236
3338.636,11.064815
3339.638,11.677365
3340.642,11.457018
3341.636,11.395891
3342.639,10.387842
3343.631,9.766068
3344.636,10.413789
3345.629,10.841887
3346.633,12.235975
3347.626,11.987368
3348.629,12.117230
3349.632,12.361170
3350.627,11.049228
3351.628,10.344191
3352.623,10.901582
3353.627,10.376706
3354.619,11.792231
3355.623,11.767834
3356.627,11.826701
3357.619,12.163756
3358.623,12.313167
3359.628,12.228860
3360.620,12.236493
3361.614,12.041500
3362.618,9.807713
3363.604,10.241788
3364.614,10.579434
3365.617,10.666161
3366.611,11.328909
3367.615,11.370341
3368.607,12.573988
3369.605,12.009281
3370.605,13.018872
3371.608,12.369938
3372.602,10.595293
3373.604,10.249115
3374.608,10.391093
3375.600,11.948763
3376.604,12.162762
3377.598,11.576435
3378.601,12.866058
3379.594,10.953956
3380.598,10.392993
3381.601,10.813735
3382.595,10.863762
3383.598,12.278938
3384.586,12.627448
3385.596,11.874813
3386.589,9.985414
3387.591,9.606018
3388.580,10.519511
3389.589,11.826565
3390.591,12.587748
3391.579,12.719748
3392.589,12.921754
3393.583,13.797545
3394.586,13.035809
3395.578,13.230784
3396.576,10.315622
3397.575,11.299136
3398.579,11.505041
3399.583,12.473295
3400.589,12.526914
3401.573,10.510981
3402.572,9.811054
3403.577,10.573845
3404.569,10.962697
3405.573,12.481909
3406.577,12.204111
3407.570,10.372449
3408.568,10.282019
3409.566,10.659683
3410.569,11.479796
3411.563,12.093744
3412.567,12.450835
3413.560,11.507998
3414.564,9.964030
3415.568,10.076393
3416.561,12.187724
3417.564,12.365292
3418.558,12.509450
3419.560,12.341697
3420.554,12.842388
3421.558,13.800982
3422.551,12.400695
3423.555,11.161620
3424.557,11.190524
3425.550,12.223669
3426.554,10.625496
3427.549,10.175782
3428.546,10.311867
3429.545,11.572255
3430.547,11.795598
3431.540,13.186935
3432.545,13.065219
3433.548,10.871135
3434.542,10.458929
3435.539,11.674760
3436.538,12.194477
3437.542,12.529822
3438.535,10.846855
3439.538,10.083195
3440.541,11.075480
3441.535,12.053414
3442.538,12.480984
3443.532,13.376895
3444.535,12.753141
3445.528,13.401178
3446.533,11.598450
3447.520,11.196082
3448.529,11.137288
3449.532,11.887161
3450.521,12.618834
3451.531,11.893700
3452.524,10.251059
3453.527,9.795223
3454.519,11.667702
3455.523,12.097464
3456.517,12.589368
3457.519,12.773334
3458.523,13.279522
3459.517,13.464017
3460.519,11.819887
3461.513,11.644119
3462.516,11.232089
3463.509,10.311415
3464.513,11.224128
3465.518,10.961952
3466.510,11.021352
3467.513,11.649264
3468.507,12.089451
3469.511,11.577606
3470.504,12.037550
3471.507,13.216441
3472.500,12.983410
3473.504,12.722199
3474.507,12.596832
3475.501,10.008660
3476.499,10.691304
3477.497,11.147824
3478.501,11.125365
3479.494,12.395844
3480.498,12.424558
3481.491,10.136754
3482.495,10.379728
3483.499,11.043006
3484.491,10.981930
3485.495,12.778118
3486.488,13.129864
3487.492,13.342102
3488.485,12.926195
3489.487,13.442301
3490.493,10.547200
3491.486,10.759018
3492.489,11.417917
3493.482,12.540854
3494.486,12.284539
3495.479,11.807973
3496.483,10.068173
3497.476,10.771828
3498.479,11.745838
3499.483,12.018660
3500.476,13.960795
3501.479,10.199744
3502.472,10.420288
3503.477,11.247642
3504.463,12.113206
3505.473,12.597480
3506.465,11.461905
3507.464,11.201550
3508.473,12.806359
3509.467,13.500497
3510.469,11.119240
3511.464,11.691996
3512.467,12.127224
3513.459,13.342515
3514.464,12.795769
3515.467,13.158754
3516.461,12.806710
3517.458,13.352535
3518.457,10.972542
3519.461,10.605934
3520.454,10.860502
3521.457,12.620984
3522.450,12.509587
3523.453,10.489645
3524.451,10.197497
3525.450,11.365235
3526.454,12.051168
3527.448,12.210865
3528.445,12.768041
3529.444,12.866077
3530.448,10.412997
3531.440,12.109990
3532.445,11.786927
3533.442,12.681536
3534.441,12.791790
3535.446,11.781152
3536.438,10.605217
3537.442,10.835908
3538.435,12.019135
3539.438,11.926375
3540.442,13.097536
3541.436,12.267592
3542.439,10.059108
3543.432,10.751022
3544.435,11.665069
3545.423,12.164802
3546.432,12.752629
3547.425,10.048307
3548.429,9.692732
3549.433,10.516912
3550.426,11.339893
3551.430,11.205375
3552.422,12.101419
3553.426,12.761464
3554.418,12.712861
3555.422,12.120688
3556.416,10.466034
3557.419,11.051300
3558.423,12.026085
3559.416,13.217049
3560.420,9.990948
3561.413,10.636884
3562.417,11.217462
3563.409,12.721798
3564.414,10.884485
3565.416,10.001575
3566.409,10.796458
3567.414,11.943523
3568.406,13.124801
3569.410,11.879647
3570.403,9.815294
3571.406,10.561777
3572.400,11.802845
3573.404,12.574749
3574.407,12.691321
3575.401,13.390034
3576.405,13.777132
3577.397,13.505159
3578.401,10.880174
3579.394,11.916540
3580.398,11.755163
3581.391,12.289491
3582.396,12.517714
3583.398,12.578619
3584.391,13.806939
3585.395,13.384033
3586.387,13.692158
3587.393,13.460109
3588.385,13.394177
3589.388,13.501571
3590.391,13.001460
3591.386,12.293606
3592.388,12.080169
3593.382,13.687078
3594.386,13.096765
3595.379,13.152235
3596.376,12.163193
3597.375,11.441730
3598.379,10.101294
3599.382,10.206050
3600.376,10.953815
3601.379,10.843572
3602.373,11.383243
3603.375,12.865378
3604.369,12.673414
3605.373,13.053320
3606.366,9.688717
3607.370,9.898957
3608.373,10.581119
3609.366,11.134827
3610.370,12.278384
3611.364,11.855935
3612.361,9.579099
3613.360,10.328715
3614.363,10.916708
3615.360,11.916295
3616.360,13.093696
3617.364,13.197180
3618.351,9.933722
3619.360,10.577082
3620.353,11.324303
3621.357,12.270266
3622.351,12.068057
3623.354,10.362666
3624.356,10.952839
3625.350,12.134706
3626.354,11.655477
3627.347,12.637583
3628.351,13.332542
3629.344,13.703069
3630.348,12.346264
3631.341,11.138728
3632.345,12.229902
3633.347,13.110131
3634.341,12.663077
3635.345,9.782831
3636.332,10.917500
3637.341,11.697201
3638.334,11.810355
3639.338,12.545906
3640.332,12.943864
3641.335,13.028721
3642.339,12.623488
3643.333,12.432654
3644.335,12.127076
3645.328,11.495968
3646.331,12.005188
3647.324,12.093211
3648.328,11.029023
3649.333,10.723939
3650.326,11.371045
3651.329,12.114174
3652.322,11.376978
3653.325,11.743356
3654.320,11.206790
3655.322,11.611673
3656.326,13.479765
3657.320,12.100694
3658.322,12.525369
3659.310,12.968197
3660.320,11.298258
3661.313,9.720041
3662.316,10.147377
3663.310,10.556475
3664.314,11.891992
3665.305,11.896144
3666.310,12.091302
3667.314,10.379480
3668.306,11.049580
3669.310,10.768940
3670.303,10.748609
3671.307,10.505993
3672.300,12.396256
3673.304,12.571507
3674.306,12.132041
3675.300,10.216551
3676.304,10.283425
3677.296,10.386767
3678.300,12.110134
3679.288,12.510906
3680.297,13.474736
3681.291,12.895070
3682.294,13.288112
3683.297,14.520146
3684.291,14.517984
3685.295,11.512686
3686.287,10.621218
3687.291,11.169192
3688.284,11.360129
3689.288,11.697905
3690.291,12.894091
3691.284,12.727323
3692.288,13.086283
3693.282,12.875831
3694.285,12.975171
3695.279,12.015174
3696.282,9.656678
3697.275,10.673086
3698.279,11.796243
3699.283,12.495170
3700.276,12.810578
3701.279,13.439337
3702.272,13.072306
3703.275,10.804815
3704.270,10.313030
3705.273,11.579037
3706.265,12.083793
3707.270,12.590811
3708.273,10.630207
3709.265,9.970247
3710.270,11.157389
3711.262,11.895027
3712.267,11.932211
3713.261,10.900657
3714.263,10.596820
3715.256,10.852123
3716.260,11.608002
3717.263,11.444816
3718.256,11.821252
3719.260,13.166986
3720.254,13.981459
3721.256,13.712731
3722.251,12.212940
3723.253,9.886646
3724.257,11.018358
3725.251,11.490932
3726.253,12.254915
3727.247,11.753550
3728.250,10.179361
3729.244,10.225217
3730.247,10.854886
3731.241,11.035321
3732.244,11.529593
3733.248,11.873071
3734.240,13.860883
3735.239,13.122175
3736.237,13.747924
3737.242,13.296610
3738.234,13.225434
3739.237,12.207642
3740.225,12.981637
3741.234,11.748075
3742.238,9.639222
3743.232,10.033518
3744.229,11.074837
3745.229,11.413410
3746.231,12.383198
3747.225,11.326233
3748.228,9.443653
3749.232,10.327609
3750.225,10.872341
3751.229,11.924797
3752.223,13.035416
3753.225,12.968826
3754.218,13.745516
3755.222,12.788001
3756.216,9.965337
3757.219,10.474145
3758.217,12.002867
3759.216,12.650002
3760.219,11.470755
3761.213,9.158683
3762.216,10.206063
3763.210,11.862008
3764.212,13.223889
3765.200,12.347823
3766.210,9.701318
3767.213,10.511695
3768.201,11.616787
3769.210,11.872829
3770.202,9.693004
3771.206,10.023069
3772.194,11.382877
3773.203,11.836805
3774.207,11.544954
3775.201,11.706991
3776.203,14.175936
3777.197,10.722920
3778.201,11.445539
3779.187,11.082552
3780.191,12.060277
3781.191,12.712955
3782.188,9.209932
3783.198,10.612345
3784.190,11.634931
3785.195,12.920241
3786.188,10.855794
3787.192,10.206530
3788.183,10.856350
3789.199,10.814698
3790.182,12.275608
3791.185,13.387290
3792.189,9.863437
3793.182,10.630957
3794.185,12.381468
3795.178,12.599503
3796.182,11.038963
3797.175,11.311482
3798.179,11.364911
3799.182,11.608830
3800.175,11.403799
3801.178,12.775431
3802.172,13.941923
3803.175,12.594015
3804.169,9.960195
3805.172,11.332912
3806.166,12.027168
3807.163,11.575835
3808.172,9.316356
3809.167,10.455991
3810.169,11.693030
3811.163,12.416011
3812.167,11.439904
3813.159,10.527958
3814.163,10.559793
3815.156,11.410173
3816.160,11.092810
3817.163,12.220610
3818.157,12.580747
3819.160,12.056979
3820.152,9.323237
3821.157,10.767873
3822.150,11.693167
3823.148,11.915565
3824.158,12.619484
3825.150,12.421843
3826.154,12.131446
3827.147,11.759798
3828.150,12.141599
3829.143,10.695444
3830.158,11.763193
3831.135,13.335104
3832.144,12.888632
3833.147,10.899344
3834.141,10.519410
3835.144,10.533452
3836.138,12.205459
3837.142,12.586056
3838.134,12.360937
3839.138,10.279887
3840.131,11.054850
3841.135,11.250867
3842.139,12.885653
3843.131,11.164266
3844.134,10.083218
3845.128,10.900549
3846.131,11.539037
3847.125,12.252466
3848.128,13.298298
3849.121,13.871394
3850.124,10.317051
3851.128,11.154331
3852.121,11.850441
3853.125,13.364412
3854.119,11.945304
3855.121,10.725154
3856.115,10.154691
3857.119,10.827432
3858.117,12.291806
3859.116,13.261215
3860.119,13.032711
3861.112,13.282235
3862.116,13.806201
3863.110,12.197773
3864.113,11.282512
3865.106,11.252324
3866.110,11.540020
3867.112,12.000310
3868.107,12.283906
3869.110,12.822784
3870.097,14.042997
3871.106,9.833076
3872.103,10.524225
3873.103,11.219483
3874.097,12.079745
3875.101,8.880785
3876.103,8.582636
3877.096,10.734304
3878.101,11.767498
3879.093,11.442220
3880.097,12.864427
3881.091,12.393272
3882.093,11.034872
3883.097,10.604110
3884.091,10.858854
3885.093,12.734739
3886.088,11.913707
3887.090,9.105599
3888.078,9.885040
3889.088,11.655129
3890.081,11.738231
3891.084,13.362822
3892.082,14.224773
3893.081,13.403427
3894.085,13.476875
3895.077,10.510889
3896.075,11.545033
3897.076,13.148685
3898.078,12.379675
3899.071,9.313112
3900.076,10.659594
3901.078,11.916905
3902.071,12.115728
3903.076,10.883113
3904.062,12.316123
3905.072,10.837154
3906.065,10.883317
3907.069,12.622956
3908.072,13.035264
3909.065,9.662585
3910.064,10.459042
3911.062,11.383484
3912.066,12.203192
3913.059,9.816754
3914.062,10.204952
3915.056,11.867081
3916.054,12.874137
3917.062,13.988848
3918.056,14.453187
3919.054,12.310824
3920.052,10.630607
3921.056,11.286666
3922.061,11.684523
3923.053,12.792009
3924.047,13.047522
3925.050,11.436743
3926.053,10.314073
3927.047,11.339154
3928.050,12.309414
3929.043,12.345754
3930.047,9.886509
3931.034,10.074730
3932.043,11.183925
3933.048,11.605067
3934.040,12.646326
3935.044,12.256921
3936.037,10.655602
3937.041,10.552275
3938.035,12.008443
3939.037,12.122584
3940.030,10.578803
3941.034,9.872707
3942.037,10.857478
3943.030,11.845169
3944.035,12.806282
3945.028,9.600949
3946.032,10.209540
3947.025,11.170261
3948.028,12.584758
3949.021,10.040608
3950.025,9.411877
3951.023,11.439644
3952.021,11.551552
3953.025,12.771020
3954.018,11.173666
3955.021,10.061401
3956.009,10.530441
3957.020,11.442700
3958.022,12.365573
3959.009,10.651424
3960.018,9.260397
3961.011,9.794013
3962.017,10.975401
3963.021,11.840681
3964.012,12.563753
3965.006,12.992075
3966.009,12.642409
3967.013,13.190336
3968.007,12.926654
3969.008,11.448986
3970.003,11.605327
3971.006,10.979344
3971.999,12.558416
3973.003,13.144598
3973.997,10.559661
3974.999,9.968202
3976.003,10.757244
3976.997,12.787347
3977.999,11.523020
3978.987,10.372602
3979.998,10.220036
3980.990,11.752720
3981.993,12.337154
3982.997,11.159671
3983.989,10.081312
3984.994,10.300837
3985.987,11.398990
3986.991,12.523421
3987.984,12.460054
3988.988,13.019046
3989.981,13.638185
3990.984,14.591963
3991.987,12.186611
3992.981,11.872336
3993.984,11.995069
3994.978,12.685917
3995.981,13.661973
3996.974,11.473249
3997.979,10.956423
3998.971,11.440732
3999.975,12.245142
4000.978,11.546354
4001.971,9.222066
4002.975,10.731856
4003.968,11.716909
4004.972,11.476468
4005.965,8.837895
4006.968,9.727735
4007.972,11.008792
4008.966,11.932907
4009.969,11.546236
4010.961,12.579220
4011.965,13.694507
4012.958,14.143510
4013.962,12.211195
4014.955,11.535908
4015.959,11.487795
4016.962,11.671911
4017.956,13.507253
4018.958,13.619325
4019.953,12.569953
4020.956,11.210688
4021.950,10.874956
4022.953,11.273996
4023.946,12.849827
4024.949,13.158691
4025.953,10.415676
4026.947,10.156282
4027.950,11.698533
4028.943,12.219253
4029.947,11.204033
4030.940,9.401573
4031.943,10.913928
4032.941,12.041074
4033.934,12.256621
4034.944,11.897565
4035.938,13.358191
4036.940,13.062730
4037.934,10.681125
4038.938,10.622583
4039.925,11.267813
4040.934,12.411469
4041.932,11.923863
4042.931,11.495943
4043.935,9.812730
4044.927,10.218353
4045.931,11.187787
4046.925,11.676906
4047.928,12.614888
4048.922,11.152086
4049.919,9.791029
4050.928,10.903415
4051.921,10.717046
4052.926,12.674269
4053.918,10.526218
4054.915,8.808753
4055.915,9.935062
4056.918,11.177236
4057.921,11.708629
4058.916,11.888257
4059.913,12.734676
4060.912,13.979936
4061.916,13.567039
4062.908,12.600836
4063.913,11.761165
4064.905,11.693929
4065.908,11.585398
4066.912,12.267464
4067.906,13.331408
4068.909,12.893245
4069.903,9.975983
4070.906,10.492903
4071.900,11.366481
4072.902,12.360974
4073.891,9.872109
4074.899,10.132062
4075.903,10.703402
4076.897,12.204593
4077.899,12.002136
4078.893,9.124919
4079.891,10.491369
4080.883,11.885855
4081.893,11.553622
4082.887,11.971204
4083.890,13.291632
4084.894,13.454995
4085.886,11.216967
4086.890,11.040063
4087.884,12.061665
4088.887,13.084928
4089.881,11.513502
4090.884,9.155717
4091.887,10.560455
4092.875,12.441678
4093.884,8.805372
4094.877,9.473975
4095.881,10.632928
4096.874,11.885626
4097.877,13.309047
4098.871,11.851658
4099.875,13.322736
4100.877,13.663329
4101.872,11.927428
4102.875,11.641792
4103.867,13.162446
4104.871,10.168153
4105.864,9.899328
4106.869,10.804810
4107.856,10.833172
4108.865,12.236540
4109.869,13.069346
4110.862,12.716723
4111.860,11.791477
4112.852,12.779473
4113.862,12.237355
4114.855,10.421392
4115.859,10.330536
4116.862,10.790663
4117.856,10.925181
4118.853,12.724421
4119.853,9.388411
4120.856,9.252209
4121.849,9.943949
4122.853,10.959684
4123.846,11.402355
4124.850,12.291630
4125.854,12.621700
4126.846,12.195191
4127.849,12.223413
4128.843,12.237398
4129.847,11.782105
4130.840,11.674282
4131.844,9.155585
4132.836,8.479630
4133.840,9.299494
4134.843,10.215105
4135.837,11.607996
4136.840,8.672806
4137.834,9.186137
4138.836,10.432078
4139.824,11.669089
4140.828,10.091652
4141.837,9.574164
4142.830,9.796548
4143.834,11.167550
4144.827,11.855429
4145.831,12.793025
4146.825,10.968366
4147.827,9.348387
4148.821,10.265440
4149.819,11.260393
4150.828,11.806572
4151.822,12.062717
4152.826,12.216357
4153.812,13.300765
4154.822,13.574110
4155.815,13.153623
4156.818,12.854541
4157.811,12.848139
4158.815,11.050857
4159.819,12.126279
4160.812,11.886351
4161.815,12.546228
4162.808,11.837794
4163.811,11.896748
4164.806,11.826893
4165.808,12.147031
4166.812,12.104619
4167.805,11.691973
4168.808,12.089239
4169.802,9.347107
4170.806,9.148965
4171.799,9.695732
4172.803,10.607570
4173.796,11.178004
4174.799,11.817320
4175.802,11.813745
4176.797,11.397413
4177.798,9.211283
4178.793,9.464014
4179.795,10.767149
4180.784,11.176001
4181.794,11.494873
4182.786,12.446201
4183.790,13.263243
4184.797,12.460272
4185.786,11.989620
4186.790,11.128770
4187.784,11.542212
4188.787,11.094666
4189.781,11.902675
4190.784,11.838146
4191.787,11.746768
4192.781,8.469676
4193.784,9.598610
4194.777,10.059102
4195.775,10.842114
4196.774,11.710517
4197.777,13.068520
4198.771,10.364181
4199.774,9.850609
4200.778,10.354796
4201.772,10.767517
4202.774,12.211165
4203.768,12.516616
4204.772,9.184683
4205.765,9.163078
4206.767,10.069632
4207.761,10.703671
4208.765,12.432644
4209.768,12.589603
4210.761,13.082613
4211.765,9.735610
4212.758,10.707532
4213.761,11.613609
4214.755,11.881660
4215.758,11.637006
4216.762,12.311419
4217.755,8.857057
4218.758,9.153485
4219.746,11.277860
4220.755,11.615751
4221.748,9.524017
4222.753,9.609289
4223.746,10.487919
4224.749,9.873665
4225.753,8.989673
4226.740,10.254786
4227.750,10.846818
4228.744,11.753878
4229.747,12.030108
4230.740,11.595919
4231.742,10.755244
4232.735,9.124404
4233.740,9.684138
4234.743,10.342163
4235.737,10.857218
4236.740,11.550041
4237.733,12.251073
4238.737,9.319468
4239.730,10.018293
4240.733,10.333325
4241.737,12.267178
4242.731,8.596311
4243.734,9.140614
4244.726,10.511422
4245.732,11.370989
4246.724,12.435369
4247.727,12.769027
4248.720,11.689411
4249.724,11.127925
4250.728,10.279695
4251.721,9.839386
4252.724,10.127384
4253.717,11.354265
4254.721,11.710628
4255.715,12.036996
4256.718,10.198157
4257.712,8.967811
4258.714,9.684223
4259.718,10.119779
4260.712,10.566139
4261.715,11.087178
4262.709,11.618367
4263.712,11.779939
4264.704,8.547222
4265.708,8.869219
4266.713,10.050640
4267.706,10.004683
4268.710,9.061702
4269.702,8.623255
4270.704,8.799609
4271.699,11.875215
4272.703,12.093358
4273.695,8.749280
4274.699,8.791475
4275.703,10.152804
4276.695,11.226418
4277.700,9.903262
4278.693,8.655146
4279.696,8.836376
4280.689,10.067379
4281.694,10.607337
4282.680,10.229043
4283.690,11.606736
4284.694,11.971248
4285.686,11.891694
4286.691,11.415258
4287.683,11.170714
4288.687,8.370822
4289.680,9.269167
4290.684,10.684712
4291.676,11.198731
4292.680,10.850463
4293.683,9.995977
4294.677,9.403276
4295.680,9.891625
4296.673,9.309981
4297.677,10.676355
4298.670,10.923978
4299.674,10.918325
4300.677,10.950790
4301.670,10.895897
4302.673,11.191230
4303.668,10.804831
4304.672,8.454245
4305.664,8.543838
4306.668,9.961560
4307.662,11.033386
4308.664,10.704407
4309.668,8.467335
4310.656,9.012307
4311.666,10.363962
4312.659,10.696869
4313.662,11.119070
4314.655,11.165613
4315.653,10.845448
4316.651,8.122547
4317.656,7.567026
4318.660,9.020343
4319.652,10.104909
4320.655,7.979832
4321.649,8.133016
4322.653,9.129547
4323.646,10.584678
4324.649,10.656667
4325.653,9.543947
4326.645,9.658213
4327.650,11.606382
4328.643,10.548845
4329.646,9.322667
4330.639,10.290760
4331.643,10.482282
4332.636,8.670816
4333.634,8.575687
4334.644,8.450596
4335.636,9.597295
4336.640,10.690624
4337.633,10.630984
4338.636,11.828251
4339.630,11.420419
4340.634,10.584639
4341.621,8.822176
4342.631,7.528113
4343.633,7.859208
4344.626,9.968850
4345.631,10.168997
4346.624,7.601719
4347.628,8.543867
4348.620,10.244607
4349.624,10.760623
4350.622,10.117628
4351.621,8.508290
4352.625,8.982042
4353.618,10.490219
4354.621,10.166176
4355.613,7.261928
4356.618,7.338217
4357.611,8.917127
4358.609,8.834315
4359.618,8.345675
4360.611,7.830436
4361.615,8.214098
4362.609,9.349616
4363.611,9.889173
4364.605,9.902646
4365.608,9.842088
4366.602,8.099039
4367.605,8.138629
4368.608,8.670629
4369.602,9.219255
4370.605,9.065896
4371.599,8.728846
4372.603,8.909919
4373.595,9.059674
4374.599,9.272289
4375.603,10.339251
4376.590,10.178613
4377.599,10.218246
4378.592,10.683942
4379.596,10.373603
4380.584,11.216364
4381.592,10.095534
4382.587,9.895304
4383.590,10.156333
4384.593,9.107854
4385.585,9.131786
4386.591,9.886183
4387.583,10.766896
4388.587,11.284285
4389.579,10.245768
4390.583,8.933242
4391.577,7.950722
4392.581,9.410622
4393.583,9.398901
4394.577,10.461459
4395.581,10.811156
4396.574,8.803424
4397.577,8.088698
4398.571,9.138955
4399.568,9.211218
4400.577,9.753702
4401.570,9.294513
4402.574,8.866310
4403.567,8.522166
4404.570,8.579540
4405.564,9.407555
4406.568,9.215708
4407.560,9.332373
4408.565,10.497870
4409.568,10.252994
4410.561,10.519595
4411.564,8.401930
4412.558,7.003926
4413.561,7.499633
4414.554,7.695239
4415.559,8.045233
4416.551,9.691316
4417.555,8.964919
4418.559,10.016913
4419.551,11.075568
4420.555,9.062125
4421.548,8.496560
4422.552,8.735720
4423.545,8.827898
4424.549,9.920117
4425.553,10.005315
4426.545,10.381628
4427.549,10.965354
4428.542,10.132025
4429.545,8.435749
4430.539,9.480541
4431.543,9.474499
4432.536,9.543999
4433.539,9.696866
4434.542,10.127792
4435.536,9.292958
4436.534,9.239600
4437.533,9.451523
4438.536,9.835384
4439.530,10.325386
4440.533,9.915646
4441.527,9.956304
4442.530,9.443748
4443.546,9.039549
4444.527,9.311664
4445.531,9.516314
4446.524,9.422421
4447.528,9.905539
4448.521,9.603213
4449.523,8.395002
4450.528,8.272144
4451.520,8.330520
4452.524,9.095541
4453.517,10.457759
4454.521,10.553617
4455.514,10.869010
4456.518,11.031831
4457.512,10.911983
4458.514,9.422746
4459.518,9.451092
4460.511,8.721217
4461.514,8.256077
4462.502,8.342901
4463.511,9.811019
4464.505,10.376039
4465.508,10.343794
4466.501,11.196056
4467.504,10.717853
4468.508,10.266306
4469.501,7.827548
4470.505,7.772723
4471.499,9.351511
4472.501,9.393831
4473.495,10.191295
4474.493,8.042177
4475.502,8.185604
4476.496,9.349803
4477.500,9.607345
4478.493,8.627914
4479.496,8.943907
4480.489,8.581036
4481.492,9.218751
4482.487,9.248583
4483.489,9.664408
4484.493,7.650512
4485.486,7.980004
4486.489,9.444352
4487.482,10.087782
4488.487,7.606042
4489.479,7.823002
4490.483,8.347861
4491.476,9.382614
4492.480,9.939903
4493.483,9.334612
4494.476,7.822701
4495.479,8.343862
4496.473,8.539744
4497.476,8.584489
4498.471,10.018062
4499.474,10.303910
4500.466,10.627689
4501.471,10.175786
4502.473,8.760089
4503.467,8.050679
4504.471,7.893486
4505.464,8.522922
4506.467,9.600039
4507.460,10.777668
4508.464,9.811438
4509.468,7.470138
4510.461,8.465660
4511.464,9.927241
4512.458,10.255646
4513.460,10.679849
4514.455,10.263757
4515.458,8.025837
4516.445,8.529886
4517.455,10.117957
4518.458,10.139926
4519.451,10.500569
4520.455,10.098667
4521.449,7.960305
4522.452,8.162544
4523.439,9.479942
4524.449,10.371319
4525.442,10.189964
4526.440,11.630206
4527.449,10.428414
4528.443,8.274993
4529.446,8.099419
4530.439,7.974262
4531.442,8.426132
4532.436,9.829957
4533.439,10.017685
4534.443,9.372890
4535.435,8.558577
4536.439,8.432852
4537.433,8.915748
4538.436,9.849487
4539.430,10.081450
4540.432,10.596218
4541.426,10.297301
4542.430,10.019890
4543.433,10.661635
4544.427,8.673088
4545.430,7.254498
4546.423,8.122133
4547.427,8.988512
4548.419,10.036318
4549.423,7.904963
4550.417,7.555113
4551.420,8.571904
4552.424,9.290137
4553.418,9.331722
4554.420,7.664175
4555.414,8.286442
4556.417,9.181034
4557.411,9.355027
4558.414,9.563003
4559.417,9.378835
4560.410,7.490123
4561.414,6.038566
4562.402,7.131447
4563.411,8.968869
4564.405,9.852593
4565.408,9.205596
4566.395,9.205317
4567.405,8.191330
4568.409,9.029508
4569.401,9.417324
4570.405,10.248828
4571.398,9.258785
4572.402,8.965426
4573.396,7.604874
4574.398,8.775393
4575.392,9.105960
4576.401,9.665761
4577.398,9.101028
4578.392,7.690768
4579.397,8.288869
4580.389,9.339623
4581.392,9.506267
4582.385,6.890711
4583.383,7.338885
4584.392,8.568991
4585.385,9.330056
4586.390,9.578473
4587.383,9.979145
4588.386,9.321703
4589.378,8.321231
4590.382,8.086601
4591.376,6.170465
4592.379,7.034317
4593.383,8.351124
4594.376,9.282247
4595.379,10.095618
4596.374,8.374504
4597.371,7.301589
4598.370,7.629197
4599.374,8.320118
4600.368,7.841685
4601.370,6.549347
4602.374,7.973382
4603.367,8.385144
4604.371,8.182739
4605.358,7.136111
4606.368,7.738323
4607.360,8.806643
4608.358,8.730942
4609.368,9.556712
4610.361,9.273724
4611.364,7.840892
4612.357,6.581691
4613.361,6.277636
4614.354,7.908003
4615.358,8.905596
4616.351,6.231223
4617.355,7.298178
4618.358,8.721111
4619.350,7.140330
4620.356,6.068364
4621.348,7.201165
4622.352,8.131382
4623.345,8.701742
4624.348,6.423433
4625.341,6.775809
4626.345,8.466461
4627.349,8.994290
4628.341,9.248302
4629.345,7.406080
4630.338,7.496298
4631.342,8.070493
4632.336,8.426889
4633.339,8.604042
4634.342,8.790274
4635.336,7.864427
4636.339,6.094963
4637.332,7.287053
4638.336,8.015241
4639.329,9.252297
4640.332,8.544040
4641.326,6.623722
4642.330,7.260115
4643.333,8.506092
4644.326,6.827529
4645.329,5.897544
4646.323,7.643528
4647.327,7.808419
4648.320,8.858396
4649.323,9.252150
4650.316,8.273660
4651.321,8.518518
4652.324,8.323030
4653.317,8.416525
4654.320,8.222091
4655.314,9.283922
4656.317,8.443349
4657.310,9.111949
4658.314,8.658582
4659.317,7.012801
4660.310,6.962766
4661.314,7.390652
4662.309,8.074507
4663.311,7.856455
4664.304,6.686391
4665.307,6.373887
4666.301,7.037733
4667.304,8.006110
4668.319,8.619268
4669.295,7.573897
4670.304,6.566302
4671.297,6.291880
4672.302,7.596230
4673.295,8.509765
4674.298,6.301253
4675.292,6.868117
4676.296,7.143480
4677.298,8.692038
4678.292,9.198158
4679.295,8.166080
4680.288,6.243864
4681.293,7.242171
4682.285,7.985107
4683.289,7.315003
4684.292,6.464804
4685.285,7.525104
4686.283,8.652905
4687.283,6.745864
4688.286,6.285321
4689.279,8.226681
4690.284,7.787061
4691.276,5.847110
4692.278,6.041648
4693.283,7.741628
4694.270,8.283799
4695.279,7.071384
4696.273,6.010552
4697.277,7.528898
4698.270,8.099124
4699.273,8.615257
4700.267,8.326675
4701.269,6.774125
4702.274,6.880790
4703.267,7.009665
4704.270,8.035666
4705.264,8.172613
4706.266,8.124072
4707.254,8.229091
4708.258,7.526820
4709.269,8.121089
4710.260,8.516696
4711.264,8.255401
4712.257,8.765298
4713.255,9.495995
4714.254,9.163806
4715.252,8.779276
4716.251,8.089539
4717.254,8.380536
4718.252,8.448524
4719.252,7.581792
4720.256,6.489594
4721.248,6.574466
4722.252,7.306879
4723.245,6.343073
4724.242,7.357163
4725.242,6.908960
4726.244,7.104314
4727.243,7.315881
4728.241,7.681840
4729.245,7.624004
4730.240,7.448593
4731.242,7.470484
4732.230,6.911245
4733.239,7.297087
4734.233,6.833886
4735.236,6.504431
4736.239,6.317582
4737.233,5.603072
4738.236,5.872132
4739.229,5.947985
4740.232,6.186785
4741.226,6.308518
4742.229,6.449501
4743.234,5.580771
4744.227,6.219936
4745.230,6.822568
4746.224,7.223710
4747.227,7.692866
4748.220,6.895797
4749.223,7.479020
4750.217,6.672435
4751.219,6.724740
4752.224,5.951548
4753.216,6.781494
4754.219,6.843425
4755.213,7.161128
4756.217,6.894831
4757.210,6.911910
4758.214,7.336817
4759.207,6.934149
4760.211,6.585251
4761.214,6.136601
4762.207,6.200497
4763.211,6.178535
4764.205,6.320707
4765.207,6.613037
4766.195,6.468604
4767.205,6.271113
4768.208,6.147402
4769.201,5.655065
4770.205,5.540582
4771.197,5.396253
4772.202,5.306762
4773.195,5.680502
4774.198,6.166105
4775.192,6.414476
4776.195,6.132266
4777.198,5.987536
4778.192,6.118593
4779.195,6.396326
4780.187,6.443755
4781.192,6.606197
4782.185,6.474146
4783.188,6.223278
4784.182,7.037229
4785.185,6.462548
4786.188,6.610104
4787.182,6.451385
4788.185,6.613887
4789.179,5.801633
4790.182,5.923888
4791.175,5.619078
4792.179,6.044840
4793.183,5.908887
4794.176,6.073781
4795.179,5.749425
4796.167,6.354435
4797.176,6.532956
4798.164,6.438203
4799.173,7.140101
4800.166,5.666171
4801.182,5.496301
4802.167,5.547712
4803.166,5.838968
4804.170,6.319020
4805.164,6.725231
4806.167,6.513329
4807.161,6.955943
4808.165,7.218226
4809.157,7.248550
4810.161,6.080529
4811.164,6.000266
4812.156,5.011105
4813.160,5.319989
4814.154,6.558898
4815.157,6.798819
4816.150,6.315351
4817.154,5.067677
4818.157,5.103345
4819.151,5.265998
4820.155,5.854267
4821.148,6.433383
4822.151,6.277032
4823.138,6.071073
4824.148,5.416052
4825.141,4.810466
4826.145,5.567348
4827.147,5.780533
4828.141,6.351064
4829.139,6.558805
4830.132,5.251858
4831.141,5.403059
4832.134,5.558234
4833.139,6.423763
4834.132,6.556738
4835.135,6.380975
4836.139,6.171337
4837.133,6.438545
4838.129,4.987925
4839.128,5.462110
4840.132,5.839930
4841.124,5.991663
4842.129,5.933356
4843.132,5.689333
4844.120,4.869124
4845.123,4.238602
4846.122,3.782350
4847.126,4.914392
4848.119,5.587956
4849.122,5.921798
4850.115,6.287548
4851.121,5.817507
4852.123,5.321392
4853.116,5.195891
4854.121,4.971509
4855.114,5.334132
4856.116,5.527620
4857.109,5.637350
4858.113,5.532701
4859.106,5.002163
4860.110,4.996998
4861.108,5.406394
4862.107,5.289857
4863.111,6.072727
4864.103,6.320053
4865.107,6.156621
4866.101,4.889107
4867.104,4.608878
4868.108,4.485146
4869.101,4.247866
4870.103,4.653586
4871.091,4.782014
4872.101,5.115955
4873.094,5.600945
4874.091,5.712530
4875.092,6.001089
4876.094,5.299373
4877.098,4.917694
4878.092,3.653522
4879.095,3.888255
4880.087,4.193589
4881.092,4.448818
4882.086,4.290904
4883.088,4.700581
4884.082,4.669494
4885.085,5.236026
4886.089,5.436059
4887.082,4.949584
4888.085,4.980451
4889.078,3.972080
4890.082,3.940377
4891.075,4.280541
4892.079,4.764570
4893.093,5.274936
4894.075,5.506440
4895.079,5.692583
4896.072,5.554393
4897.075,5.153330
4898.069,3.859932
4899.073,3.653269
4900.065,4.687192
4901.070,5.175993
4902.074,5.400260
4903.066,5.585667
4904.064,5.780565
4905.063,5.612624
4906.067,4.192482
4907.061,4.365260
4908.064,4.079896
4909.056,4.166530
4910.060,5.022258
4911.058,5.202324
4912.056,5.843432
4913.061,5.045643
4914.054,4.526619
4915.057,4.670810
4916.051,4.483027
4917.053,4.461472
4918.041,4.260587
4919.051,4.051392
4920.053,3.935175
4921.048,3.795219
4922.052,3.723401
4923.044,3.652967
4924.047,4.435874
4925.041,5.387406
4926.045,5.624981
4927.048,5.688804
4928.042,5.343139
4929.045,4.513246
4930.038,3.930309
4931.036,3.815441
4932.035,3.548241
4933.039,4.003827
4934.032,4.533927
4935.035,4.849789
4936.038,4.551522
4937.032,4.843727
4938.035,4.594829
4939.029,4.435496
4940.033,4.588771
4941.020,4.058789
4942.029,4.153059
4943.022,4.725668
4944.026,5.024828
4945.023,5.307316
4946.022,4.673461
4947.026,4.031714
4948.020,4.455543
4949.023,4.233831
4950.016,3.593698
4951.020,4.256543
4952.023,4.490794
4953.015,4.801120
4954.020,4.944876
4955.006,4.527148
4956.015,3.890872
4957.010,4.236667
4958.013,3.514561
4959.006,3.989754
4960.010,4.684979
4961.014,4.753800
4962.012,4.804539
4963.010,4.698675
4964.003,3.935089
4965.008,3.720059
4966.000,3.699955
4967.004,3.459579
4967.998,4.188281
4969.001,4.768394
4970.004,4.929622
4970.998,4.719502
4972.001,4.507762
4972.994,3.746148
4973.997,3.485015
4974.991,3.835442
4975.994,3.821896
4976.998,3.872062
4977.992,4.302660
4978.994,4.354510
4979.988,4.735952
4980.991,4.602456
4981.979,3.815874
4982.988,3.329832
4983.982,3.714786
4984.997,3.922778
4985.988,4.323849
4986.982,4.872614
4987.985,4.422611
4988.973,4.154200
4989.982,4.253700
4990.975,3.765198
4991.973,3.565262
4992.972,3.923579
4993.975,4.210826
4994.973,4.671674
4995.972,4.401627
4996.976,4.623036
4997.969,4.284108
4998.973,4.002711
4999.965,3.887716
5000.969,4.124188
5001.966,3.688936
5002.966,3.822196
5003.969,3.960011
5004.962,4.052233
5005.967,4.441967
5006.960,4.515250
5007.962,4.506621
5008.956,4.924487
5009.960,4.468526
5010.963,4.112931
5011.956,3.246358
5012.960,3.124110
5013.953,3.200385
5014.957,3.834028
5015.951,4.361926
5016.953,4.726769
5017.948,5.012586
5018.951,4.789366
5019.954,4.136897
5020.948,4.203355
5021.951,3.085521
5022.944,3.309034
5023.948,3.562148
5024.941,3.944040
5025.938,3.864905
5026.948,3.911211
5027.941,4.236404
5028.945,4.059540
5029.938,4.646499
5030.941,4.174203
5031.934,4.099634
5032.937,3.606268
5033.932,2.904779
5034.934,3.180836
5035.938,3.918007
5036.930,4.178759
5037.934,3.552557
5038.929,3.430400
5039.932,3.582673
5040.925,2.985989
5041.929,3.176796
5042.922,3.391489
5043.925,3.289761
5044.929,3.913861
5045.922,4.151125
5046.925,3.756581
5047.919,4.046306
5048.922,3.426766
5049.910,3.408174
5050.920,3.348713
5051.922,3.799062
5052.916,4.084800
5053.920,4.003498
5054.912,4.092040
5055.917,4.115686
5056.910,4.122369
5057.913,3.409576
5058.906,3.102012
5059.910,2.833599
5060.912,3.270974
5061.906,3.421662
5062.910,3.978460
5063.903,4.251984
5064.906,3.798951
5065.901,2.987404
5066.903,3.040970
5067.897,3.536261
5068.901,3.709414
5069.904,3.766658
5070.897,4.293593
5071.901,4.056671
5072.894,3.654017
5073.898,3.325215
5074.892,3.058608
5075.894,2.878714
5076.910,3.075847
5077.890,3.073295
5078.895,3.577843
5079.888,4.185804
5080.891,4.022560
5081.884,3.773396
5082.888,2.825018
5083.875,3.049706
5084.884,3.255440
5085.889,3.441564
5086.881,3.698186
5087.885,4.094161
5088.878,3.291160
5089.882,3.020527
5090.876,2.470847
5091.878,2.143424
5092.871,2.714137
5093.876,3.547813
5094.879,3.936190
5095.872,4.455949
5096.875,3.682573
5097.869,3.373396
5098.872,2.654764
5099.865,2.324588
5100.870,2.568549
5101.872,2.739055
5102.866,3.300881
5103.870,3.910388
5104.862,3.901339
5105.866,3.961914
5106.860,2.964823
5107.863,2.902853
5108.856,3.050776
5109.854,3.116647
5110.863,2.987609
5111.857,3.172898
5112.861,2.509538
5113.854,2.679554
5114.857,3.022326
5115.849,3.807854
5116.854,4.031713
5117.847,3.328166
5118.850,3.316812
5119.854,2.857290
5120.848,2.439181
5121.851,2.492011
5122.844,2.651937
5123.848,3.120687
5124.841,3.631255
5125.845,3.645894
5126.848,3.636743
5127.834,3.471540
5128.844,2.767932
5129.838,2.299801
5130.835,2.691428
5131.834,3.091801
5132.838,3.431705
5133.831,3.924570
5134.835,4.274284
5135.838,4.428868
5136.831,3.382625
5137.836,2.940489
5138.828,2.855010
5139.831,2.901868
5140.825,3.236627
5141.829,3.460500
5142.821,3.638663
5143.825,3.405678
5144.829,3.271709
5145.822,3.393861
5146.826,2.988721
5147.819,3.454445
5148.821,3.298169
5149.815,3.399384
5150.813,3.521367
5151.812,3.039824
5152.815,2.594527
5153.820,2.655374
5154.812,2.506364
5155.816,2.728727
5156.809,2.793671
5157.813,3.064832
5158.806,3.122125
5159.809,2.897172
5160.813,3.028257
5161.807,2.905951
5162.809,3.088564
5163.797,3.176479
5164.807,3.332395
5165.800,3.685864
5166.798,3.257697
5167.797,2.653488
5168.811,2.626903
5169.803,2.237858
5170.798,2.269389
5171.800,2.744094
5172.794,2.843593
5173.797,3.171342
5174.790,3.325613
5175.794,3.208271
5176.787,2.763136
5177.791,2.553547
5178.789,2.268804
5179.787,2.382976
5180.791,2.965081
5181.784,2.845236
5182.788,3.402722
5183.781,3.391240
5184.785,2.817475
5185.788,2.620232
5186.781,2.580049
5187.786,2.656254
5188.779,2.732431
5189.780,2.984281
5190.775,3.161895
5191.778,3.228467
5192.771,3.140562
5193.775,2.881061
5194.778,2.797095
5195.772,2.835832
5196.776,2.469933
5197.769,2.448786
5198.771,2.879944
5199.766,3.127745
5200.768,3.566738
5201.762,3.721210
5202.766,3.616799
5203.768,2.263748
5204.762,1.790663
5205.767,1.988291
5206.759,2.196787
5207.762,3.001265
5208.755,3.344680
5209.759,3.294540
5210.763,2.841670
5211.757,2.595414
5212.759,2.374687
5213.753,2.446266
5214.757,2.702852
5215.750,2.956168
5216.753,2.768643
5217.746,2.884423
5218.751,2.803117
5219.753,2.571804
5220.746,2.656029
5221.750,3.034428
5222.744,2.854425
5223.747,3.087423
5224.739,3.417928
5225.743,3.162946
5226.738,2.546531
5227.740,2.361494
5228.745,1.930300
5229.737,1.820193
5230.741,2.373829
5231.734,2.890319
5232.738,3.018432
5233.731,3.006500
5234.734,2.682378
5235.738,2.212184
5236.730,2.281481
5237.735,2.275338
5238.722,2.416256
5239.731,2.529947
5240.725,2.588939
5241.728,2.425876
5242.722,2.290619
5243.725,1.942245
5244.727,2.131157
5245.721,2.480529
5246.726,2.313241
5247.718,2.546859
5248.722,2.494057
5249.709,2.341089
5250.719,2.447850
5251.712,2.227010
5252.716,1.941215
5253.719,1.975948
5254.712,2.262538
5255.716,2.539837
5256.709,2.394432
5257.713,2.324546
5258.705,1.947624
5259.708,1.732513
5260.714,1.913465
5261.706,2.106611
5262.710,1.796954
5263.702,1.915189
5264.706,2.021677
5265.700,2.491320
5266.703,2.627483
5267.697,2.512007
5268.700,1.965821
5269.703,1.726791
5270.691,1.695526
5271.700,1.674926
5272.694,1.827839
5273.697,2.065152
5274.684,2.357827
5275.693,1.850613
5276.688,1.938452
5277.690,2.119029
5278.695,1.940908
5279.688,2.394656
5280.690,2.138606
5281.678,2.135719
5282.687,2.294279
5283.680,2.137505
5284.685,2.144031
5285.688,2.119710
5286.682,2.086366
5287.685,2.133725
5288.678,2.036406
5289.681,2.068878
5290.675,2.155037
5291.672,2.175538
5292.671,2.233407
5293.675,2.365510
5294.678,2.428762
5295.671,2.426054
5296.675,2.010649
5297.668,1.851581
5298.672,1.808191
5299.665,1.937195
5300.668,2.018309
5301.663,2.184232
5302.666,1.613336
5303.668,1.607117
5304.657,1.771337
5305.666,1.730115
5306.659,1.905517
5307.663,1.722329
5308.655,2.002919
5309.660,1.802416
5310.663,1.765678
5311.656,2.134604
5312.659,1.789204
5313.653,1.975842
5314.656,2.192327
5315.649,1.966566
5316.653,2.103119
5317.647,2.342537
5318.649,2.181695
5319.658,2.125607
5320.641,2.086203
5321.649,2.068272
5322.644,1.675093
5323.646,1.860935
5324.639,1.790390
5325.645,2.228682
5326.637,2.175957
5327.641,2.052105
5328.644,2.174620
5329.638,2.157190
5330.640,2.199729
5331.634,2.012896
5332.637,1.891795
5333.631,1.643416
5334.634,1.534682
5335.637,1.752900
5336.625,2.046627
5337.635,2.179725
5338.628,1.890736
5339.632,1.936631
5340.624,1.971022
5341.629,1.940110
5342.621,1.850643
5343.625,1.868078
5344.629,1.877720
5345.622,1.745624
5346.625,1.437675
5347.618,1.728318
5348.622,1.871647
5349.609,1.724146
5350.619,1.845014
5351.611,2.139599
5352.626,2.261255
5353.618,2.404785
5354.612,2.551084
5355.616,2.162914
5356.603,1.733834
5357.613,1.616998
5358.606,1.768334
5359.608,1.480755
5360.603,1.413873
5361.606,1.427890
5362.610,1.757911
5363.603,1.743495
5364.605,1.924871
5365.599,1.802927
5366.603,1.723951
5367.596,1.556155
5368.593,2.023668
5369.603,2.073750
5370.601,2.404458
5371.600,2.569666
5372.592,2.295381
5373.590,1.612050
5374.589,1.572631
5375.594,1.514660
5376.586,1.705989
5377.591,2.156891
5378.593,2.558686
5379.586,2.112273
5380.591,2.395680
5381.583,1.924743
5382.586,1.696059
5383.580,1.668530
5384.584,1.811901
5385.572,1.899055
5386.582,2.295035
5387.584,2.286788
5388.577,2.057173
5389.582,1.927148
5390.574,1.856338
5391.577,1.486839
5392.571,1.790480
5393.574,2.130227
5394.578,1.778440
5395.572,1.903676
5396.576,2.222979
5397.568,1.853167
5398.572,1.792853
5399.565,1.284045
